Tren_Id,Grupe,CategorieTren,KmCum,Lungime,Numar,Operator,Proprietar,Putere,Rang,Servicii,Tonaj,Numar2
0,"","R","57100.0","250","2872","6100826","6100826","E","4","2","500",""
1,"","R","98000.0","275","9473","6100826","6100826","D","4","2","550",""
2,"","IR","152100.0","0","1532","6100826","6100826","D","3","2","0",""
3,"","R","157400.0","300","2082","6100826","6100826","E","4","2","600",""
4,"","R","49400.0","275","9403","6100826","6100826","D","4","2","550","9403-2"
5,"","R","143800.0","200","8652","6100826","6100826","D","4","2","400",""
6,"","R","159100.0","350","5011","6100826","6100826","E","4","2","800",""
7,"","R","159100.0","350","5056","6100826","6100826","E","4","2","800",""
8,"","IR","405500.0","250","1665","6100826","6100826","","3","3","500",""
9,"","R","158700.0","250","4205","6100826","6100826","","4","2","500","4205-2"
10,"","R","158700.0","250","4206-1","6100826","6100826","","4","2","500","4206"
11,"","R","58800.0","300","4303","6100826","6100826","E","4","2","600",""
12,"","R","76200.0","300","4424","6100826","6100826","D","4","2","600",""
13,"","R","67200.0","300","4335","6100826","6100826","D","4","2","600",""
14,"","R","155400.0","300","4331","6100826","6100826","D","4","2","600",""
15,"","R","46000.0","250","4074","6100826","6100826","D","4","2","500",""
16,"","R","46000.0","125","4361","6100826","6100826","D","4","2","250",""
17,"","R","58800.0","300","4308","6100826","6100826","","4","2","600",""
18,"","R","177800.0","300","3112","6100826","6100826","","4","2","600",""
19,"","R","167900.0","350","5424","6100826","6100826","","4","2","700",""
20,"","R","63100.0","250","5506","6100826","6100826","","4","2","500",""
21,"","R","64300.0","325","5311","6100826","6100826","E","4","2","650",""
22,"","R","116200.0","350","5101","6100826","6100826","E","4","2","700",""
23,"","R","36000.0","325","5326","6100826","6100826","E","4","2","650",""
24,"","R","222000.0","350","5105-2","6100826","6100826","E","4","3","700","5105"
25,"","R","90500.0","350","5110","6100826","6100826","E","4","2","700",""
26,"","R","103700.0","350","7569","6100826","6100826","D","4","2","700",""
27,"","R","81000.0","250","9471","6100826","6100826","D","4","2","500",""
28,"","IR","209000.0","225","1596","6100826","6100826","","3","3","450",""
29,"","IR","322700.0","225","1590","6100826","6100826","","3","3","450",""
30,"","IR","322700.0","225","1591","6100826","6100826","","3","3","450",""
31,"","IR","209000.0","225","1593","6100826","6100826","","3","3","450",""
32,"","R","98000.0","325","9477","6100826","6100826","D","4","2","650",""
33,"","R","98000.0","325","9476","6100826","6100826","D","4","2","650",""
34,"","R","16100.0","0","36313","6100826","6100826","","2","2","0",""
35,"","R","16100.0","0","36329","6100826","6100826","","2","2","0",""
36,"","R","147800.0","0","4084","6100826","6100826","E","4","2","0","4084-1"
37,"","R","26300.0","0","4323","6100826","6100826","D","4","2","0",""
38,"","R","26300.0","0","4322","6100826","6100826","D","4","2","0",""
39,"","R","23700.0","0","4452","6100826","6100826","D","4","2","0",""
40,"","R","16100.0","0","36326","6100826","6100826","","2","2","0",""
41,"","R","65800.0","300","4340","6100826","6100826","D","4","2","600",""
42,"","R","57200.0","300","2611","6100826","6100826","","4","2","500",""
43,"","R","83700.0","325","5214-1","6100826","6100826","E","4","2","650","5214"
44,"","R","100300.0","325","5303","6100826","6100826","E","4","2","650",""
45,"","R","83700.0","325","5213","6100826","6100826","E","4","2","650","5213-2"
46,"","R","111800.0","0","4083","6100826","6100826","","4","2","0",""
47,"","R","147800.0","0","4085-2","6100826","6100826","D","4","2","0","4085"
48,"","R","49400.0","0","3620","6100826","6100826","D","4","2","0",""
49,"","R","49400.0","0","3628","6100826","6100826","D","4","2","0",""
50,"","R","64700.0","0","3629","6100826","6100826","D","4","2","0",""
51,"","R","49400.0","0","3627","6100826","6100826","D","4","2","0",""
52,"","R","49400.0","0","3637","6100826","6100826","D","4","2","0",""
53,"","R","49400.0","0","3635","6100826","6100826","D","4","2","0",""
54,"","R","49400.0","0","3622","6100826","6100826","D","4","2","0",""
55,"","R","59600.0","0","3640","6100826","6100826","D","4","2","0",""
56,"","R","59600.0","0","3641","6100826","6100826","D","4","2","0",""
57,"","R","59600.0","0","3645","6100826","6100826","D","4","2","0",""
58,"","R","49400.0","0","3624","6100826","6100826","D","4","2","0",""
59,"","R","59600.0","0","3646","6100826","6100826","D","4","2","0",""
60,"","R","177800.0","300","3116","6100826","6100826","D","4","2","600",""
61,"","R","9200.0","250","2344","6100826","6100826","E","4","2","500",""
62,"","R","73200.0","250","2047","6100826","6100826","E","4","2","500",""
63,"","R","98300.0","250","9576","6100826","6100826","","4","2","500",""
64,"","R","88300.0","250","9556","6100826","6100826","","4","3","500",""
65,"","R","88300.0","250","9552","6100826","6100826","","4","2","500",""
66,"","R","115600.0","175","2186","6100826","6100826","","4","2","350",""
67,"","R","35800.0","150","2436","6100826","6100826","D","4","2","300",""
68,"","R","52800.0","150","2455","6100826","6100826","D","4","2","300",""
69,"","R","98000.0","275","9470","6100826","6100826","D","4","2","550",""
70,"","R","57800.0","300","4045","6100826","6100826","D","4","2","600",""
71,"","R","57800.0","300","4046","6100826","6100826","D","4","2","600",""
72,"","R","60200.0","300","4375","6100826","6100826","","4","2","600",""
73,"","R","60200.0","300","4376","6100826","6100826","","4","2","600",""
74,"","R","57800.0","300","4382","6100826","6100826","D","4","2","600",""
75,"","R","59300.0","250","4535","6100826","6100826","D","4","2","500",""
76,"","R","59300.0","250","4532","6100826","6100826","D","4","2","500",""
77,"","R","52800.0","150","2423","6100826","6100826","D","4","3","300",""
78,"","R","32100.0","250","4582","6100826","6100826","E","4","2","500",""
79,"","R","95000.0","250","4505","6100826","6100826","E","4","2","500",""
80,"","R","55000.0","325","7113","6100826","6100826","","4","2","650",""
81,"","R","55000.0","325","7112","6100826","6100826","","4","2","650",""
82,"","R","140000.0","250","4135-2","6100826","6100826","E","4","2","500","4135"
83,"","R","27900.0","0","3633","6100826","6100826","D","4","2","0",""
84,"","R","33700.0","250","9368","6100826","6100826","D","4","2","500",""
85,"","R","128100.0","400","5007","6100826","6100826","","4","3","800",""
86,"","R","66300.0","150","9343","6100826","6100826","","4","2","300",""
87,"","IR","627400.0","425","472-1","6100826","6100826","","2","151","850",""
88,"","R","59400.0","300","4324","6100826","6100826","D","4","2","600",""
89,"","R","55300.0","250","2567","6100826","6100826","D","4","3","500","2567-2"
90,"","R","127400.0","250","3533","6100826","6100826","E","4","2","500",""
91,"","R","132700.0","250","8123","6100826","6100826","","4","2","500",""
92,"","R","111800.0","0","4362","6100826","6100826","","4","2","0",""
93,"","R","98300.0","250","9578","6100826","6100826","","4","2","500",""
94,"","R","220300.0","0","5210","6100826","6100826","","4","2","0",""
95,"","R","21200.0","0","6503","6100826","6100826","","4","2","0",""
96,"","R","127900.0","250","4537","6100826","6100826","","2","2","500",""
97,"","R","79700.0","0","9437","6100826","6100826","","4","2","0",""
98,"","R","210600.0","225","9197","6100826","6100826","","4","3","450",""
99,"","R","66300.0","150","9345","6100826","6100826","","4","2","300",""
100,"","R","217900.0","275","5406-1","6100826","6100826","","4","2","550","5406"
101,"","R","152100.0","0","3074","6100826","6100826","D","4","2","0",""
102,"","R","102100.0","250","3086","6100826","6100826","","4","2","500",""
103,"","R","13200.0","0","37656","6100826","6100826","","2","2","0",""
104,"","IR","748100.0","275","1746-1","6100826","6100826","","3","3","550","1746"
105,"","R","103700.0","350","7575","6100826","6100826","D","4","2","700",""
106,"","R","111700.0","250","2415","6100826","6100826","D","4","2","500","2415-2"
107,"","R","90500.0","350","5107","6100826","6100826","E","4","2","700",""
108,"","R","23700.0","250","4454","6100826","6100826","D","4","2","500",""
109,"","IR","618700.0","250","73-2","6100826","6100826","","2","131","500",""
110,"","IR","345000.0","0","1819","6100826","6100826","","3","3","0","1819-2"
111,"","R","21200.0","0","6502","6100826","6100826","","4","2","0",""
112,"","R","186600.0","250","9553","6100826","6100826","","4","2","500",""
113,"","R","56000.0","50","9666","6100826","6100826","","4","2","100",""
114,"","R","29700.0","150","2421","6100826","6100826","D","4","3","300",""
115,"","IR","43200.0","250","1999","6100826","6100826","","3","3","500",""
116,"","R","42900.0","250","8390","6100826","6100826","","4","2","500",""
117,"","R","59600.0","0","3644","6100826","6100826","D","4","2","0",""
118,"","R","207700.0","300","8202","6100826","6100826","","4","3","600",""
119,"","R","17000.0","250","2203","6100826","6100826","","4","2","500",""
120,"","R","28500.0","250","4521","6100826","6100826","E","4","2","500",""
121,"","IR","391300.0","275","1639-2","6100826","6100826","","3","3","550","1639"
122,"","R","243600.0","300","5402-1","6100826","6100826","","4","3","600","5402"
123,"","IR","345000.0","0","1820-1","6100826","6100826","D","3","3","0","1820"
124,"","R","166300.0","0","3010","6100826","6100826","","4","3","800",""
125,"","R","119000.0","400","4108","6100826","6100826","","4","2","600",""
126,"","R","207700.0","350","8201","6100826","6100826","E","4","2","700",""
127,"","R","24900.0","300","4653","6100826","6100826","D","4","2","600",""
128,"","R","155400.0","300","4334","6100826","6100826","D","4","2","600",""
129,"","R","49400.0","0","3623","6100826","6100826","D","4","2","0",""
130,"","R","192800.0","0","4095-2","6100826","6100826","D","4","2","0","4095"
131,"","R","76000.0","250","6822","6100826","6100826","","2","2","500","6822-1"
132,"","R","74900.0","200","7689","6100826","6100826","","2","3","400","7689-2"
133,"","R","28500.0","250","4520","6100826","6100826","E","4","2","500",""
134,"","R","16800.0","200","8584","6100826","6100826","D","4","2","400",""
135,"","R","157400.0","300","2085","6100826","6100826","E","4","2","600",""
136,"","R","66300.0","150","9346","6100826","6100826","","4","2","300",""
137,"","R","207700.0","300","8204","6100826","6100826","","4","2","600",""
138,"","R","58900.0","400","5022","6100826","6100826","E","4","2","800",""
139,"","R","42900.0","250","8383","6100826","6100826","","4","2","500",""
140,"","R","33700.0","150","9358","6100826","6100826","D","4","2","300",""
141,"","R","63100.0","250","5501","6100826","6100826","","4","2","500",""
142,"","R","157400.0","250","2043","6100826","6100826","E","4","2","500",""
143,"","R","63100.0","150","5504","6100826","6100826","","4","2","300",""
144,"","R","117000.0","250","8132","6100826","6100826","D","4","2","500",""
145,"","R","30200.0","250","2724","6100826","6100826","E","4","2","500",""
146,"","R","74900.0","200","7686-1","6100826","6100826","","2","3","400","7686"
147,"","R","70700.0","250","7035","6100826","6100826","","4","2","500",""
148,"","R","59400.0","300","4311","6100826","6100826","D","4","2","600",""
149,"","R","42900.0","250","8382","6100826","6100826","","4","2","500",""
150,"","R","99400.0","300","9301","6100826","6100826","","4","2","600",""
151,"","R","79700.0","300","9108","6100826","6100826","D","4","2","600",""
152,"","R","43200.0","250","9165","6100826","6100826","","4","2","500",""
153,"","IR","466200.0","400","1643","6100826","6100826","","3","23","800",""
154,"","R","78300.0","200","5723","6100826","6100826","","4","2","400",""
155,"","R","210600.0","225","9196","6100826","6100826","","4","3","450",""
156,"","R","143800.0","200","8655","6100826","6100826","D","4","2","400",""
157,"","R","91100.0","350","7377","6100826","6100826","E","4","2","700",""
158,"","IR","211000.0","300","1828","6100826","6100826","","3","2","600",""
159,"","IR","469400.0","350","1541","6100826","6100826","E","3","7","720","1541-2"
160,"","IR","405500.0","250","1667","6100826","6100826","","3","23","500",""
161,"","IR","108000.0","150","1781","6100826","6100826","","3","3","0",""
162,"","IR","254800.0","0","1864","6100826","6100826","D","3","2","0","1864-1"
163,"","R","57100.0","250","2873","6100826","6100826","E","4","2","500",""
164,"","R","107800.0","300","9133","6100826","6100826","D","4","2","600",""
165,"","R","32100.0","250","4580","6100826","6100826","E","4","2","500",""
166,"","IR","267900.0","400","1983","6100826","6100826","","3","3","800",""
167,"","IR","225000.0","375","1587","6100826","6100826","","3","3","750",""
168,"","R","70500.0","300","9135","6100826","6100826","D","4","2","600",""
169,"","R","61100.0","150","9485","6100826","6100826","","4","2","300",""
170,"","R","67700.0","250","6412","6100826","6100826","","4","2","500",""
171,"","R","21800.0","200","5631","6100826","6100826","","4","2","400",""
172,"","IR","218600.0","0","1723","6100826","6100826","","3","3","0",""
173,"","R","108900.0","250","9383","6100826","6100826","E","4","2","500",""
174,"","R","27500.0","75","9610","6100826","6100826","","4","2","150",""
175,"","R","79700.0","0","9109","6100826","6100826","","4","2","0",""
176,"","R","34600.0","300","8691","6100826","6100826","E","4","2","600",""
177,"","IR","225000.0","375","1582","6100826","6100826","","3","3","750",""
178,"","R","57800.0","300","4042","6100826","6100826","D","4","2","600",""
179,"","R","60200.0","250","5472","6100826","6100826","D","4","2","500",""
180,"","R","58900.0","250","9580","6100826","6100826","","4","2","500",""
181,"","R","157400.0","250","2044","6100826","6100826","","4","2","500",""
182,"","R","58800.0","300","4310","6100826","6100826","","4","2","600",""
183,"","R","186600.0","250","9555","6100826","6100826","","4","2","500",""
184,"","R","83900.0","250","2514","6100826","6100826","","4","3","500",""
185,"","R","165700.0","400","3003","6100826","6100826","","4","2","800",""
186,"","IR","129900.0","300","460","6100826","6100826","","2","22","600",""
187,"","R","133800.0","325","8131","6100826","6100826","D","4","2","650",""
188,"","R","61800.0","250","5565-2","6100826","6100826","","4","2","500","5565"
189,"","R","101800.0","0","4082","6100826","6100826","E","4","2","0","4082-1"
190,"","R","72700.0","200","2311","6100826","6100826","E","4","2","400",""
191,"","IR","108000.0","0","1792","6100826","6100826","","3","3","0",""
192,"","IR","170300.0","275","363-2","6100826","6100826","","2","3","550",""
193,"","IR","484400.0","250","1861-2","6100826","6100826","","3","3","500","1861"
194,"","R","55000.0","325","7104","6100826","6100826","","4","2","650",""
195,"","R","42900.0","250","8389","6100826","6100826","","4","2","500",""
196,"","IR","533300.0","225","1691","6100826","6100826","","3","3","450",""
197,"","R","112500.0","175","5711","6100826","6100826","","4","2","350",""
198,"","R","166300.0","325","3005","6100826","6100826","","4","3","800",""
199,"","R","107400.0","325","9022","6100826","6100826","","4","2","650",""
200,"","R","102100.0","300","3089","6100826","6100826","E","4","2","600",""
201,"","IR","170300.0","275","364-1","6100826","6100826","","2","131","550",""
202,"","R","166300.0","0","3012","6100826","6100826","","4","2","800",""
203,"","IR","170300.0","275","365-2","6100826","6100826","","2","131","550",""
204,"","R","184000.0","325","5201","6100826","6100826","E","4","2","650","5201-2"
205,"","IR","294700.0","0","1521","6100826","6100826","","3","2","0",""
206,"","R","19000.0","150","7584","6100826","6100826","D","4","2","300",""
207,"","R","43100.0","0","3647","6100826","6100826","D","4","2","0",""
208,"","R","166300.0","0","3007","6100826","6100826","","4","3","800",""
209,"","IR","572100.0","250","1953-2","6100826","6100826","","3","3","600","1953"
210,"","R","26100.0","300","4701","6100826","6100826","E","4","2","600",""
211,"","R","42900.0","250","8394","6100826","6100826","","4","2","500",""
212,"","R","65000.0","250","2502","6100826","6100826","","4","3","500",""
213,"","R","64500.0","200","8444","6100826","6100826","","4","2","400","8444-1"
214,"","R","51300.0","250","3511","6100826","6100826","E","4","2","500",""
215,"","R","31700.0","300","9436","6100826","6100826","D","4","2","600",""
216,"","R","27500.0","250","9611","6100826","6100826","","4","2","500",""
217,"","R","209000.0","225","9002","6100826","6100826","","4","2","450",""
218,"","R","61800.0","250","5563-2","6100826","6100826","","4","2","500","5563"
219,"","R","55000.0","325","7114","6100826","6100826","","4","2","650",""
220,"","R","127400.0","250","3535","6100826","6100826","E","4","2","500",""
221,"","R","57200.0","300","2602","6100826","6100826","","4","2","500",""
222,"","R","22400.0","0","4403","6100826","6100826","","4","2","0",""
223,"","R","43200.0","250","9159","6100826","6100826","","4","2","500",""
224,"","R","175800.0","325","5209","6100826","6100826","","4","2","650",""
225,"","IR","447100.0","400","1659","6100826","6100826","","3","3","800",""
226,"","R","59400.0","300","4314","6100826","6100826","D","4","2","600",""
227,"","R","55000.0","325","7106","6100826","6100826","D","4","2","650",""
228,"","R","115600.0","175","2182","6100826","6100826","","4","2","350",""
229,"","R","57200.0","300","2608","6100826","6100826","E","4","2","500",""
230,"","R","107800.0","300","9139","6100826","6100826","D","4","2","600",""
231,"","R","131500.0","350","7363","6100826","6100826","E","4","2","700",""
232,"","R","152100.0","0","3076","6100826","6100826","","4","2","0",""
233,"","R","54300.0","250","4543","6100826","6100826","D","4","2","500",""
234,"","R","38400.0","150","9480","6100826","6100826","D","4","2","300",""
235,"","R","108000.0","325","9024","6100826","6100826","D","4","2","650",""
236,"","R","157400.0","300","2086","6100826","6100826","E","4","2","600",""
237,"","R","31500.0","350","7383","6100826","6100826","E","4","2","700",""
238,"","R","61700.0","250","3514","6100826","6100826","E","4","2","500",""
239,"","R","98300.0","250","9575","6100826","6100826","","4","2","500",""
240,"","R","117200.0","150","9347","6100826","6100826","","4","2","300",""
241,"","R","282800.0","150","4087-2","6100826","6100826","","4","2","270","4087"
242,"","R","86000.0","250","5454","6100826","6100826","","4","2","500",""
243,"","R","150300.0","250","4501","6100826","6100826","E","4","2","500",""
244,"","R","90500.0","350","5111","6100826","6100826","E","4","3","700",""
245,"","IR","447100.0","400","1754","6100826","6100826","","3","23","800",""
246,"","R","98000.0","250","9475","6100826","6100826","D","4","2","500",""
247,"","R","66300.0","150","9344","6100826","6100826","","4","2","300",""
248,"","R","176200.0","250","3501","6100826","6100826","","4","2","500",""
249,"","R","89200.0","250","2711","6100826","6100826","E","4","2","500",""
250,"","R","170100.0","250","6313","6100826","6100826","","4","2","500",""
251,"","R","110400.0","325","3023","6100826","6100826","E","4","3","800",""
252,"","R","32000.0","0","5737","6100826","6100826","","4","2","0",""
253,"","R","83900.0","250","5431","6100826","6100826","","4","2","500",""
254,"","R","117000.0","250","8133","6100826","6100826","D","4","2","500",""
255,"","R","10700.0","300","4117","6100826","6100826","","4","22","600",""
256,"","IR","946100.0","275","1944-1","6100826","6100826","","3","3","550","1944"
257,"","R","164100.0","275","2071","6100826","6100826","D","4","2","550",""
258,"","R","78600.0","300","8034","6100826","6100826","E","4","2","600",""
259,"","R","127500.0","400","5002","6100826","6100826","E","4","3","800",""
260,"","R","58800.0","300","4301","6100826","6100826","E","4","2","600",""
261,"","R","108900.0","250","9388","6100826","6100826","E","4","2","500",""
262,"","R","72700.0","200","2312","6100826","6100826","","4","2","400",""
263,"","R","320900.0","225","2021","6100826","6100826","","4","2","450",""
264,"","R","63900.0","175","9615","6100826","6100826","","4","2","350","9615-2"
265,"","R","61800.0","250","5561-2","6100826","6100826","","4","2","500","5561"
266,"","R","54300.0","250","4542","6100826","6100826","D","4","2","500",""
267,"","R","80000.0","250","2704","6100826","6100826","E","4","2","500",""
268,"","R","315100.0","300","2022","6100826","6100826","E","4","3","600",""
269,"","R","55000.0","325","7105","6100826","6100826","","4","2","650",""
270,"","IR","310500.0","250","1732","6100826","6100826","","3","3","500","1732-1"
271,"","R","33400.0","120","9694","6100826","6100826","","4","2","240",""
272,"","R","111800.0","250","4146-1","6100826","6100826","","4","2","500","4146"
273,"","R","135000.0","0","4094","6100826","6100826","","4","2","0","4094-1"
274,"","R","16800.0","200","8587","6100826","6100826","D","4","2","400",""
275,"","IR","123600.0","0","1628","6100826","6100826","","2","2","0",""
276,"","R","86600.0","275","2077","6100826","6100826","D","4","2","550",""
277,"","R","21200.0","0","6510","6100826","6100826","","4","2","0",""
278,"","IR","404800.0","250","1664","6100826","6100826","D","3","3","500",""
279,"","IR","306100.0","0","1811","6100826","6100826","","3","3","0","1811-2"
280,"","R","120600.0","300","3114","6100826","6100826","","4","2","600",""
281,"","R","60200.0","250","5461","6100826","6100826","","4","2","500",""
282,"","IR","108000.0","150","1787","6100826","6100826","","3","3","0",""
283,"","IR","209000.0","225","1594","6100826","6100826","","3","3","450",""
284,"","R","101900.0","0","9504","6100826","6100826","","4","3","0",""
285,"","IR","627400.0","425","346-1","6100826","6100826","","2","151","850",""
286,"","R","60200.0","250","5460","6100826","6100826","","4","2","500",""
287,"","R","227500.0","250","3500","6100826","6100826","E","4","2","500",""
288,"","R","57800.0","300","4384","6100826","6100826","D","4","2","600",""
289,"","R","76000.0","250","6823-2","6100826","6100826","D","2","2","500","6823"
290,"","R","43200.0","250","9163","6100826","6100826","","4","2","500",""
291,"","R","119000.0","450","4106","6100826","6100826","","4","2","900",""
292,"","R","32500.0","325","4656","6100826","6100826","D","4","2","750",""
293,"","R","40400.0","0","7401","6100826","6100826","","4","2","0",""
294,"","IR","267900.0","375","1982","6100826","6100826","","3","3","750",""
295,"","R","99600.0","275","2068","6100826","6100826","D","4","2","550",""
296,"","R","59300.0","250","4533","6100826","6100826","D","4","2","500",""
297,"","IR","225000.0","375","1584","6100826","6100826","D","3","3","750",""
298,"","IR","652500.0","275","1621","6100826","6100826","","3","131","550","1621-2"
299,"","R","47300.0","175","2183","6100826","6100826","","4","2","350",""
300,"","R","55000.0","325","7111","6100826","6100826","","4","2","650",""
301,"","R","17000.0","250","2215","6100826","6100826","E","4","2","500",""
302,"","R","60200.0","250","5466","6100826","6100826","","4","2","500",""
303,"","R","58800.0","300","4302","6100826","6100826","","4","2","600",""
304,"","R","99400.0","250","9311","6100826","6100826","","4","2","500",""
305,"","R","143800.0","200","8653","6100826","6100826","D","4","2","400",""
306,"","R","202200.0","300","3084","6100826","6100826","","4","2","600",""
307,"","R","88300.0","250","9557","6100826","6100826","","4","3","500",""
308,"","R","127900.0","300","4536","6100826","6100826","","2","2","600",""
309,"","R","32000.0","0","5738","6100826","6100826","","4","2","0",""
310,"","R","99400.0","250","9308","6100826","6100826","E","4","2","500",""
311,"","R","59500.0","250","5026","6100826","6100826","E","4","2","500",""
312,"","R","184000.0","300","2038","6100826","6100826","","4","2","600","2038-1"
313,"","R","32000.0","0","5736","6100826","6100826","","4","2","0",""
314,"","R","76700.0","350","5072","6100826","6100826","E","4","2","700",""
315,"","R","30200.0","250","2703","6100826","6100826","","4","2","500",""
316,"","R","71800.0","0","3072","6100826","6100826","D","4","2","0",""
317,"","R","32500.0","125","5636","6100826","6100826","","4","2","250",""
318,"","R","73800.0","250","3532","6100826","6100826","E","4","2","500",""
319,"","R","131500.0","350","7360","6100826","6100826","E","4","2","700",""
320,"","R","63900.0","175","9616-1","6100826","6100826","","4","2","350","9616"
321,"","R","119000.0","300","4101","6100826","6100826","","4","2","600",""
322,"","R","148900.0","175","2101","6100826","6100826","","4","3","250",""
323,"","R","112800.0","250","2852","6100826","6100826","E","4","2","500",""
324,"","R","67200.0","150","4342","6100826","6100826","D","4","0","270",""
325,"","R","47500.0","50","3745","6100826","6100826","E","4","2","100",""
326,"","R","43200.0","250","9164","6100826","6100826","","4","2","500",""
327,"","R","136400.0","300","8011","6100826","6100826","E","4","2","800",""
328,"","R","40400.0","0","7402","6100826","6100826","","4","2","0",""
329,"","R","70700.0","250","7031","6100826","6100826","","4","2","500",""
330,"","R","82800.0","250","2416","6100826","6100826","D","4","3","500",""
331,"","R","177800.0","300","3118","6100826","6100826","D","4","2","600",""
332,"","R","108900.0","250","9381","6100826","6100826","E","4","2","500",""
333,"","R","79000.0","300","9432","6100826","6100826","D","4","2","600",""
334,"","IR","871700.0","250","1821-2","6100826","6100826","","3","23","600","1821"
335,"","IR","108000.0","0","1788","6100826","6100826","","3","3","0",""
336,"","R","31800.0","150","2437","6100826","6100826","D","4","2","300",""
337,"","R","102100.0","300","3612","6100826","6100826","","4","2","600",""
338,"","R","128100.0","250","5008","6100826","6100826","","4","3","500",""
339,"","R","106100.0","250","2095","6100826","6100826","E","4","2","500",""
340,"","R","128100.0","325","5005","6100826","6100826","","4","2","800",""
341,"","R","75400.0","175","5712","6100826","6100826","","4","2","350",""
342,"","R","70700.0","250","7037","6100826","6100826","","4","2","500",""
343,"","R","660100.0","250","2802","6100826","6100826","","4","3","600","2802-1"
344,"","R","187500.0","250","4511","6100826","6100826","","4","2","500",""
345,"","R","119000.0","300","4103","6100826","6100826","","4","2","600",""
346,"","R","19000.0","350","7585","6100826","6100826","D","4","2","700",""
347,"","R","140000.0","300","4136","6100826","6100826","D","4","22","600","4136-1"
348,"","R","204500.0","150","2441","6100826","6100826","D","4","3","300","2441-2"
349,"","R","31500.0","350","7381","6100826","6100826","E","4","2","700",""
350,"","R","32000.0","0","5732","6100826","6100826","","4","2","0",""
351,"","R","103700.0","350","7574","6100826","6100826","D","4","2","700",""
352,"","R","148900.0","250","2112","6100826","6100826","","4","3","500",""
353,"","R","107800.0","300","9134","6100826","6100826","D","4","2","600",""
354,"","R","170100.0","250","6314","6100826","6100826","","4","2","500",""
355,"","R","60200.0","250","5463","6100826","6100826","","4","2","500",""
356,"","IR","788100.0","275","1833","6100826","6100826","E","3","3","550","1833-2"
357,"","R","63900.0","175","9614-1","6100826","6100826","","4","2","350","9614"
358,"","R","42900.0","250","8388","6100826","6100826","","4","2","500",""
359,"","IR","533300.0","225","1693","6100826","6100826","","3","3","450",""
360,"","R","138800.0","325","5608","6100826","6100826","","4","2","650",""
361,"","R","133200.0","250","4506","6100826","6100826","","4","2","500",""
362,"","R","16800.0","200","8586","6100826","6100826","D","4","2","400",""
363,"","R","86600.0","275","2076","6100826","6100826","D","4","2","550",""
364,"","R","59300.0","250","5571-2","6100826","6100826","","4","2","500","5571"
365,"","R","17000.0","250","2209","6100826","6100826","E","4","2","500",""
366,"","R","58800.0","300","4305","6100826","6100826","E","4","2","600",""
367,"","R","72300.0","300","4486","6100826","6100826","E","4","2","600",""
368,"","IR","252400.0","375","1995","6100826","6100826","","3","3","750",""
369,"","R","33700.0","250","9373","6100826","6100826","D","4","2","500",""
370,"","R","59400.0","300","4316","6100826","6100826","D","4","2","600",""
371,"","R","282800.0","0","4086","6100826","6100826","","4","2","0","4086-1"
372,"","R","55000.0","325","7110","6100826","6100826","","4","2","650",""
373,"","R","108900.0","250","9386","6100826","6100826","E","4","2","500",""
374,"","R","143800.0","200","8654","6100826","6100826","D","4","2","400",""
375,"","IR","231000.0","375","1856","6100826","6100826","","3","3","750",""
376,"","IR","152100.0","0","1533","6100826","6100826","D","3","2","0",""
377,"","R","36400.0","175","9608","6100826","6100826","","4","2","300",""
378,"","R","243600.0","250","5401","6100826","6100826","","4","3","500","5401-2"
379,"","R","13200.0","0","37630","6100826","6100826","","2","2","0",""
380,"","R","86000.0","250","5451","6100826","6100826","","4","2","500",""
381,"","R","19000.0","350","7587","6100826","6100826","E","4","2","700",""
382,"","R","28000.0","250","4518","6100826","6100826","","4","2","500",""
383,"","R","43100.0","0","3642","6100826","6100826","D","4","2","0",""
384,"","R","138800.0","250","5605","6100826","6100826","","4","2","500",""
385,"","R","70700.0","300","7036","6100826","6100826","","4","2","600",""
386,"","R","208300.0","300","9004","6100826","6100826","E","4","2","600",""
387,"","R","19000.0","0","7588","6100826","6100826","","4","2","0",""
388,"","R","36000.0","0","4330","6100826","6100826","D","4","2","0",""
389,"","IR","108000.0","150","1783","6100826","6100826","","3","3","0",""
390,"","R","106100.0","250","2091","6100826","6100826","","4","2","500",""
391,"","R","215000.0","300","8003","6100826","6100826","E","4","3","800",""
392,"","R","21200.0","0","6504","6100826","6100826","","4","2","0",""
393,"","IR","483000.0","350","401","6100826","6100826","D","2","7","720","401-2"
394,"","IR","483000.0","350","402-1","6100826","6100826","","2","7","720","402"
395,"","R","70700.0","300","7042","6100826","6100826","","4","2","600",""
396,"","R","111900.0","250","2853","6100826","6100826","","4","2","500",""
397,"","R","86600.0","275","2075","6100826","6100826","D","4","2","550",""
398,"","IR","225000.0","400","1987","6100826","6100826","","3","3","800",""
399,"","R","187500.0","250","4503","6100826","6100826","E","4","2","500",""
400,"","R","193200.0","250","6826","6100826","6100826","D","2","2","500","6826-1"
401,"","R","19000.0","350","7586","6100826","6100826","D","4","2","700",""
402,"","R","33700.0","250","9371","6100826","6100826","D","4","2","500",""
403,"","R","24900.0","300","4654","6100826","6100826","D","4","2","600",""
404,"","R","107800.0","300","9137","6100826","6100826","D","4","2","600",""
405,"","IR","563500.0","250","1654","6100826","6100826","","3","23","500",""
406,"","R","208300.0","300","9006","6100826","6100826","E","4","2","600",""
407,"","IR","141500.0","0","1699-2","6100826","6100826","","3","2","0","1699"
408,"","R","56000.0","50","9667","6100826","6100826","","4","2","100",""
409,"","R","84700.0","350","7570","6100826","6100826","D","4","2","700",""
410,"","IR","209000.0","225","1597","6100826","6100826","","3","3","450",""
411,"","R","26100.0","300","4704","6100826","6100826","E","4","2","600",""
412,"","R","90500.0","325","5113","6100826","6100826","E","4","2","650",""
413,"","IR","458200.0","225","1832","6100826","6100826","","3","3","450",""
414,"","R","44900.0","250","2592","6100826","6100826","","4","3","500",""
415,"","R","99400.0","300","9306","6100826","6100826","E","4","2","600",""
416,"","IR","405500.0","250","1668","6100826","6100826","D","3","23","500",""
417,"","R","36400.0","175","9609","6100826","6100826","","4","2","350",""
418,"","R","90500.0","350","5112","6100826","6100826","","4","2","700",""
419,"","R","53600.0","250","9389","6100826","6100826","E","4","2","500",""
420,"","R","59300.0","250","5570","6100826","6100826","","4","2","500","5570-1"
421,"","IR","447100.0","400","10652","6100826","6100826","E","2","7","800",""
422,"","R","137700.0","300","9501","6100826","6100826","E","4","3","600",""
423,"","IR","225000.0","400","1589","6100826","6100826","E","3","3","800",""
424,"","R","27000.0","200","8592","6100826","6100826","","4","2","400",""
425,"","R","59300.0","250","4531","6100826","6100826","D","4","2","500",""
426,"","R","99400.0","300","9302","6100826","6100826","E","4","2","600",""
427,"","R","166300.0","300","3006","6100826","6100826","E","4","3","550",""
428,"","R","17000.0","250","2211","6100826","6100826","E","4","2","500",""
429,"","R","159700.0","250","5403","6100826","6100826","","4","2","500","5403-2"
430,"","IR","250100.0","150","1891","6100826","6100826","","3","3","0",""
431,"","R","13200.0","0","37647","6100826","6100826","","2","2","0",""
432,"","R","78600.0","300","8031","6100826","6100826","E","4","2","600",""
433,"","R","102100.0","300","3082","6100826","6100826","","4","2","600",""
434,"","R","32000.0","0","5739","6100826","6100826","","4","2","0",""
435,"","R","39400.0","250","9168","6100826","6100826","","4","2","500",""
436,"","R","157400.0","250","2048","6100826","6100826","","4","2","500",""
437,"","R","100300.0","300","5304","6100826","6100826","E","4","2","600",""
438,"","IR","302500.0","400","1655","6100826","6100826","","3","3","800",""
439,"","R","79100.0","325","9105","6100826","6100826","","4","2","650",""
440,"","R","177800.0","300","3115","6100826","6100826","","4","2","600",""
441,"","R","166300.0","0","3004","6100826","6100826","","4","3","800",""
442,"","IR","449600.0","300","1652","6100826","6100826","E","3","3","600",""
443,"","R","65000.0","175","2501","6100826","6100826","D","4","3","250",""
444,"","IR","370200.0","150","1743","6100826","6100826","","3","2","270",""
445,"","R","57800.0","300","4097","6100826","6100826","D","4","2","600",""
446,"","R","21200.0","0","6506","6100826","6100826","","4","2","0",""
447,"","R","111900.0","225","2857","6100826","6100826","","4","2","450",""
448,"","IR","461100.0","175","74-1","6100826","6100826","","2","3","250",""
449,"","R","75700.0","250","6443","6100826","6100826","","4","2","500",""
450,"","IR","553600.0","0","406-1","6100826","6100826","","2","151","450",""
451,"","R","55000.0","325","7102","6100826","6100826","D","4","2","650",""
452,"","R","103700.0","350","7566","6100826","6100826","D","4","2","700",""
453,"","R","27000.0","200","8443","6100826","6100826","E","4","2","400",""
454,"","R","67700.0","250","6417","6100826","6100826","","4","2","500",""
455,"","R","80000.0","250","2709","6100826","6100826","E","4","2","500",""
456,"","R","108000.0","325","9021","6100826","6100826","","4","2","650",""
457,"","R","92800.0","150","2444-1","6100826","6100826","D","4","2","300","2444"
458,"","R","44500.0","250","5584","6100826","6100826","D","4","2","500",""
459,"","R","148900.0","175","2103","6100826","6100826","D","4","3","250",""
460,"","IR","108000.0","0","1784","6100826","6100826","","3","3","0",""
461,"","R","68600.0","325","5211","6100826","6100826","E","4","2","650",""
462,"","R","68600.0","350","5076","6100826","6100826","E","4","2","700",""
463,"","R","88300.0","250","9195","6100826","6100826","","4","2","500",""
464,"","R","43200.0","250","9160","6100826","6100826","","4","2","500",""
465,"","R","108000.0","0","9030","6100826","6100826","","4","2","0",""
466,"","IR","917300.0","300","1932","6100826","6100826","","3","23","600","1932-1"
467,"","R","47300.0","175","2184","6100826","6100826","","4","2","350",""
468,"","IR","447100.0","400","10651","6100826","6100826","D","2","7","800",""
469,"","R","65000.0","175","2505","6100826","6100826","","4","3","250",""
470,"","IR","490800.0","300","1642","6100826","6100826","E","3","23","600",""
471,"","R","54300.0","250","4546","6100826","6100826","D","4","2","500",""
472,"","IR","250100.0","0","1890","6100826","6100826","","3","3","0",""
473,"","R","74900.0","200","7688-1","6100826","6100826","","2","3","400","7688"
474,"","R","230300.0","275","2070","6100826","6100826","D","4","3","550","2070-1"
475,"","IR","297900.0","250","1736","6100826","6100826","","3","3","500",""
476,"","R","143100.0","300","8344","6100826","6100826","E","4","2","600","8344-1"
477,"","IR","294700.0","0","1522","6100826","6100826","","3","2","0",""
478,"","R","58800.0","400","5024","6100826","6100826","E","4","2","800",""
479,"","IR","229400.0","300","1774","6100826","6100826","","3","3","600",""
480,"","IR","108000.0","0","1782","6100826","6100826","","3","3","0",""
481,"","R","193200.0","300","6827","6100826","6100826","","2","2","600","6827-2"
482,"","R","63900.0","175","9618-1","6100826","6100826","","4","2","350","9618"
483,"","R","32800.0","250","2707","6100826","6100826","E","4","2","500",""
484,"","R","60200.0","250","5465","6100826","6100826","","4","2","500",""
485,"","R","61800.0","250","5560","6100826","6100826","","4","2","500","5560-1"
486,"","IR","329900.0","150","1536-1","6100826","6100826","","3","2","270","1536"
487,"","R","16800.0","200","8582","6100826","6100826","D","4","2","400",""
488,"","R","44500.0","250","5583","6100826","6100826","D","4","2","500",""
489,"","IR","484400.0","250","1862","6100826","6100826","D","3","3","500","1862-1"
490,"","R","21200.0","0","6505","6100826","6100826","","4","2","0",""
491,"","R","152100.0","0","3075","6100826","6100826","","4","2","0",""
492,"","R","42900.0","250","8380","6100826","6100826","","4","2","500",""
493,"","R","155400.0","300","4338","6100826","6100826","","4","2","600",""
494,"","R","138800.0","125","5606","6100826","6100826","","4","2","250",""
495,"","R","157400.0","250","2374","6100826","6100826","","4","2","500",""
496,"","R","21800.0","250","2871","6100826","6100826","E","4","2","500",""
497,"","IR","915900.0","250","1931-2","6100826","6100826","","3","23","600","1931"
498,"","R","22400.0","0","4405","6100826","6100826","","4","2","0",""
499,"","IR","448800.0","400","1645","6100826","6100826","","3","3","800",""
500,"","R","176200.0","250","3502","6100826","6100826","","4","2","500",""
501,"","R","98300.0","225","9193","6100826","6100826","","4","2","450",""
502,"","R","92800.0","150","2442-1","6100826","6100826","D","4","2","300","2442"
503,"","R","76100.0","250","2851","6100826","6100826","E","4","2","500",""
504,"","R","99400.0","300","9303","6100826","6100826","","4","2","600",""
505,"","R","154800.0","350","5206","6100826","6100826","","4","2","700",""
506,"","R","60200.0","250","5464","6100826","6100826","","4","2","500",""
507,"","R","72700.0","200","2302","6100826","6100826","","4","2","400",""
508,"","R","127400.0","250","3536","6100826","6100826","E","4","2","500",""
509,"","R","63900.0","175","9619","6100826","6100826","","4","2","500","9619-2"
510,"","R","65000.0","250","2506","6100826","6100826","","4","3","500",""
511,"","R","28500.0","250","4516","6100826","6100826","E","4","2","500",""
512,"","R","31500.0","350","7382","6100826","6100826","E","4","2","700",""
513,"","R","27000.0","200","8596","6100826","6100826","","4","2","400",""
514,"","R","43200.0","250","9169","6100826","6100826","","4","2","500",""
515,"","R","79700.0","0","9107","6100826","6100826","","4","2","0",""
516,"","IR","250100.0","0","1894","6100826","6100826","","3","3","0",""
517,"","IR","871700.0","400","1822","6100826","6100826","","3","23","800","1822-1"
518,"","R","58200.0","250","5432","6100826","6100826","","4","2","500",""
519,"","R","31800.0","150","2438","6100826","6100826","D","4","2","300",""
520,"","R","79100.0","325","9104","6100826","6100826","D","4","2","650",""
521,"","R","72300.0","300","4485","6100826","6100826","E","4","2","600",""
522,"","R","36200.0","250","4519","6100826","6100826","E","4","2","500",""
523,"","R","24600.0","275","2481","6100826","6100826","D","4","3","550",""
524,"","IR","781000.0","400","1742","6100826","6100826","","3","23","800",""
525,"","R","27000.0","200","8597","6100826","6100826","E","4","2","400",""
526,"","R","76100.0","250","2855","6100826","6100826","E","4","2","500",""
527,"","R","63100.0","250","5505","6100826","6100826","","4","2","500",""
528,"","R","136400.0","300","8014","6100826","6100826","E","4","2","800",""
529,"","R","89200.0","250","2701","6100826","6100826","E","4","2","500",""
530,"","IR","528900.0","0","480","6100826","6100826","","2","18","0","480-1"
531,"","IR","812500.0","275","1838-1","6100826","6100826","","3","23","550","1838"
532,"","R","22400.0","0","4402","6100826","6100826","","4","2","0",""
533,"","R","87700.0","150","9406","6100826","6100826","","4","2","300",""
534,"","R","72700.0","200","2306","6100826","6100826","E","4","2","400",""
535,"","IR","553600.0","0","367-2","6100826","6100826","","2","131","0",""
536,"","R","68600.0","250","5060","6100826","6100826","","4","2","500",""
537,"","R","59500.0","250","5023","6100826","6100826","","4","3","500",""
538,"","R","108900.0","250","9382","6100826","6100826","E","4","2","500",""
539,"","IR","449600.0","400","1651","6100826","6100826","","3","3","800",""
540,"","R","282500.0","250","4508","6100826","6100826","","4","2","500",""
541,"","R","133200.0","250","4507","6100826","6100826","E","4","2","500",""
542,"","IR","267900.0","250","1980","6100826","6100826","","3","3","500",""
543,"","IR","229400.0","250","1772","6100826","6100826","","3","3","500",""
544,"","R","86600.0","275","2474","6100826","6100826","D","4","2","550",""
545,"","IR","31700.0","0","1887","6100826","6100826","","3","3","0",""
546,"","R","57400.0","300","4651","6100826","6100826","D","4","2","600",""
547,"","R","99600.0","275","2069","6100826","6100826","","4","2","550",""
548,"","R","157400.0","250","2031","6100826","6100826","E","4","2","500",""
549,"","R","63900.0","175","9620-1","6100826","6100826","","4","2","350","9620"
550,"","R","33700.0","250","9362","6100826","6100826","D","4","2","500",""
551,"","R","42900.0","250","8385","6100826","6100826","","4","2","500",""
552,"","R","166300.0","325","3001","6100826","6100826","","4","3","800",""
553,"","R","54300.0","250","4544","6100826","6100826","","4","3","500",""
554,"","R","17000.0","250","2213","6100826","6100826","E","4","2","500",""
555,"","R","99400.0","300","9310","6100826","6100826","E","4","2","600",""
556,"","IR","781000.0","400","1934","6100826","6100826","D","3","23","800",""
557,"","IR","108000.0","0","1786","6100826","6100826","","3","3","0",""
558,"","R","193400.0","300","4091","6100826","6100826","","4","2","600","4091-2"
559,"","R","188400.0","250","9026","6100826","6100826","","4","2","500",""
560,"","R","59300.0","250","2511","6100826","6100826","D","4","3","500",""
561,"","IR","166300.0","275","1526","6100826","6100826","","3","3","550",""
562,"","R","59600.0","0","3649","6100826","6100826","D","4","2","0",""
563,"","IR","253300.0","400","1996","6100826","6100826","","3","3","800",""
564,"","IR","167400.0","275","1629","6100826","6100826","","2","2","560",""
565,"","R","33700.0","250","9359","6100826","6100826","D","4","2","500",""
566,"","R","95000.0","250","4515","6100826","6100826","E","4","2","500",""
567,"","R","136400.0","300","8015","6100826","6100826","E","4","2","800",""
568,"","R","42900.0","250","8395","6100826","6100826","","4","2","500",""
569,"","R","107800.0","0","9132","6100826","6100826","","4","2","0",""
570,"","R","66300.0","150","9341","6100826","6100826","","4","2","300",""
571,"","R","102100.0","300","3083","6100826","6100826","E","4","2","600",""
572,"","R","61800.0","250","5562","6100826","6100826","","4","2","500","5562-1"
573,"","IR","255200.0","250","1871-2","6100826","6100826","","3","2","500","1871"
574,"","R","42900.0","250","8391","6100826","6100826","","4","2","500",""
575,"","R","57200.0","300","2600","6100826","6100826","E","4","3","500",""
576,"","R","57200.0","525","2604","6100826","6100826","","4","2","950",""
577,"","R","147100.0","250","5445","6100826","6100826","","4","2","500",""
578,"","R","32500.0","125","5634","6100826","6100826","","4","2","250",""
579,"","R","22400.0","0","4407","6100826","6100826","","4","2","0",""
580,"","R","112800.0","250","2708","6100826","6100826","","4","2","500",""
581,"","R","33700.0","250","9367","6100826","6100826","D","4","2","500",""
582,"","IR","254800.0","0","1866","6100826","6100826","D","3","2","0","1866-1"
583,"","R","136400.0","300","8016","6100826","6100826","E","4","2","800",""
584,"","R","22400.0","0","4410","6100826","6100826","","4","2","0",""
585,"","R","98300.0","250","9574","6100826","6100826","","4","2","500",""
586,"","R","86600.0","275","2079","6100826","6100826","D","4","2","550",""
587,"","R","88300.0","250","9551","6100826","6100826","","4","3","500",""
588,"","R","26300.0","300","4319","6100826","6100826","D","4","2","600",""
589,"","R","58800.0","300","4306","6100826","6100826","","4","2","600",""
590,"","IR","225000.0","375","1985","6100826","6100826","","3","3","750",""
591,"","IR","563500.0","400","1653","6100826","6100826","","3","23","800",""
592,"","R","145900.0","200","2343","6100826","6100826","E","4","2","400",""
593,"","R","107400.0","325","9025","6100826","6100826","","4","2","650",""
594,"","R","63100.0","150","5503","6100826","6100826","","4","2","300",""
595,"","IR","553600.0","0","366-1","6100826","6100826","","2","131","450",""
596,"","R","184000.0","325","5207","6100826","6100826","E","4","2","650","5207-2"
597,"","IR","267900.0","375","1981","6100826","6100826","","3","3","750",""
598,"","R","61700.0","250","3513","6100826","6100826","E","4","2","500",""
599,"","R","37100.0","175","5710","6100826","6100826","","4","2","350",""
600,"","R","177800.0","300","3113","6100826","6100826","","4","2","600",""
601,"","R","77000.0","250","2850","6100826","6100826","E","4","2","500",""
602,"","R","90500.0","350","5109","6100826","6100826","E","4","2","700",""
603,"","IR","250100.0","150","1895","6100826","6100826","","3","3","0",""
604,"","R","59600.0","0","3648","6100826","6100826","D","4","2","0",""
605,"","R","55300.0","250","2562-1","6100826","6100826","D","4","3","500","2562"
606,"","R","107800.0","300","9136","6100826","6100826","D","4","2","600",""
607,"","R","46000.0","250","4072","6100826","6100826","","4","2","500",""
608,"","R","32500.0","125","5632","6100826","6100826","","4","2","250",""
609,"","IR","85400.0","250","78-1","6100826","6100826","","2","3","500",""
610,"","IR","405500.0","250","1663","6100826","6100826","","3","3","500",""
611,"","R","17000.0","250","2201","6100826","6100826","E","4","2","500",""
612,"","IR","553600.0","0","407-2","6100826","6100826","","2","151","0",""
613,"","R","202200.0","250","3085","6100826","6100826","E","4","2","500",""
614,"","IR","225000.0","375","1588","6100826","6100826","","3","3","750",""
615,"","R","33400.0","120","9695","6100826","6100826","","4","2","240",""
616,"","R","102100.0","300","3091","6100826","6100826","E","4","2","600",""
617,"","R","128100.0","400","5001","6100826","6100826","","4","2","800",""
618,"","IR","230300.0","250","1725-2","6100826","6100826","","3","3","500","1725"
619,"","R","42600.0","50","3728","6100826","6100826","","4","2","100",""
620,"","R","32500.0","125","5630","6100826","6100826","","4","2","250",""
621,"","R","119200.0","275","2063","6100826","6100826","D","4","2","550",""
622,"","IR","108000.0","150","1791","6100826","6100826","","3","3","0",""
623,"","R","84700.0","350","7578","6100826","6100826","D","4","2","700",""
624,"","R","98300.0","250","9577","6100826","6100826","","4","2","500",""
625,"","R","62000.0","200","8154","6100826","6100826","D","4","2","400",""
626,"","R","32400.0","150","9410","6100826","6100826","D","4","2","300",""
627,"","R","79700.0","325","9102","6100826","6100826","","4","2","650",""
628,"","R","207700.0","350","8203","6100826","6100826","E","4","3","700",""
629,"","R","119000.0","300","4105","6100826","6100826","","4","2","600",""
630,"","R","223400.0","300","4110","6100826","6100826","","4","2","600","4110-1"
631,"","R","133000.0","300","4332","6100826","6100826","","4","2","600",""
632,"","R","66300.0","150","9342","6100826","6100826","","4","2","300",""
633,"","R","32400.0","150","9400","6100826","6100826","","4","2","300",""
634,"","R","117200.0","150","9340","6100826","6100826","","4","2","300",""
635,"","R","190800.0","200","5703","6100826","6100826","","4","2","400",""
636,"","IR","329600.0","275","1539","6100826","6100826","","3","151","560",""
637,"","R","65800.0","300","4333","6100826","6100826","D","4","2","600",""
638,"","R","59400.0","300","4312","6100826","6100826","D","4","2","600",""
639,"","R","17000.0","250","2202","6100826","6100826","","4","2","500",""
640,"","R","79700.0","300","9112","6100826","6100826","D","4","2","600",""
641,"","R","157400.0","250","2372","6100826","6100826","","4","2","500",""
642,"","R","215000.0","300","8006","6100826","6100826","E","4","3","600",""
643,"","R","17000.0","250","2214","6100826","6100826","","4","2","500",""
644,"","R","57400.0","325","4650","6100826","6100826","D","4","2","750",""
645,"","R","209000.0","225","9001","6100826","6100826","","4","2","450",""
646,"","R","91100.0","350","7371","6100826","6100826","E","4","2","700",""
647,"","R","27500.0","75","9622","6100826","6100826","","4","2","150",""
648,"","R","16800.0","200","8588","6100826","6100826","D","4","2","400",""
649,"","R","50300.0","250","6316","6100826","6100826","","4","2","500",""
650,"","R","86000.0","250","5481","6100826","6100826","","4","2","500",""
651,"","R","75700.0","275","6442","6100826","6100826","","4","2","550",""
652,"","R","60200.0","300","4372","6100826","6100826","E","4","2","600",""
653,"","R","102100.0","300","3088","6100826","6100826","","4","2","600",""
654,"","R","102100.0","300","3087","6100826","6100826","E","4","2","600",""
655,"","R","103700.0","350","7571","6100826","6100826","D","4","2","700",""
656,"","IR","321800.0","325","1826","6100826","6100826","E","3","2","650",""
657,"","IR","83900.0","300","1656","6100826","6100826","","3","3","800",""
658,"","IR","140000.0","250","1946","6100826","6100826","","3","3","500","1946-1"
659,"","IR","166300.0","275","1631","6100826","6100826","","3","3","550",""
660,"","R","62000.0","200","8153","6100826","6100826","D","4","2","400",""
661,"","IR","211000.0","225","1827","6100826","6100826","","3","2","450",""
662,"","IR","621200.0","225","1823","6100826","6100826","","3","3","450","1823-2"
663,"","IR","302500.0","0","1657","6100826","6100826","","3","3","0",""
664,"","R","32400.0","150","9405","6100826","6100826","D","4","2","300",""
665,"","R","72300.0","300","4484","6100826","6100826","E","4","2","600",""
666,"","R","47500.0","300","3747","6100826","6100826","","4","2","600",""
667,"","R","32400.0","150","9402","6100826","6100826","D","4","2","300",""
668,"","R","129800.0","325","5205","6100826","6100826","","4","2","650",""
669,"","R","47700.0","300","4483","6100826","6100826","E","4","2","600",""
670,"","R","88100.0","0","4441","6100826","6100826","","4","2","0",""
671,"","IR","843700.0","275","1766-1","6100826","6100826","","3","19","550","1766"
672,"","R","22600.0","175","1061","6100826","6100826","","2","2","350",""
673,"","R","57400.0","250","4131","6100826","6100826","D","4","2","500",""
674,"","IR","320900.0","225","1825","6100826","6100826","","3","2","450",""
675,"","R","21200.0","0","6507","6100826","6100826","","4","2","0",""
676,"","R","17000.0","250","2212","6100826","6100826","E","4","2","500",""
677,"","IR","486000.0","0","1962","6100826","6100826","D","3","2","0","1962-1"
678,"","R","55300.0","250","2569","6100826","6100826","D","4","2","500","2569-2"
679,"","R","68600.0","300","3090","6100826","6100826","","4","2","600",""
680,"","R","16800.0","200","8583","6100826","6100826","D","4","2","400",""
681,"","R","157400.0","300","2081","6100826","6100826","E","4","2","600",""
682,"","R","70800.0","150","9404-1","6100826","6100826","D","4","2","300","9404"
683,"","R","44500.0","250","5582","6100826","6100826","D","4","2","500",""
684,"","R","57200.0","300","2601","6100826","6100826","","4","2","500",""
685,"","IR","306100.0","0","1812-1","6100826","6100826","D","3","3","0","1812"
686,"","R","142100.0","0","9011","6100826","6100826","","4","2","0",""
687,"","R","58800.0","300","4307","6100826","6100826","E","4","2","600",""
688,"","IR","229400.0","300","1775","6100826","6100826","","3","3","600",""
689,"","R","91100.0","350","7373","6100826","6100826","","4","2","700",""
690,"","R","127500.0","350","5010","6100826","6100826","","4","2","800",""
691,"","R","34600.0","300","8690","6100826","6100826","E","4","2","600",""
692,"","R","133000.0","300","4336","6100826","6100826","D","4","2","600",""
693,"","R","159100.0","350","5055","6100826","6100826","E","4","2","800",""
694,"","R","103700.0","350","7568","6100826","6100826","D","4","2","700",""
695,"","R","118400.0","275","2074","6100826","6100826","D","4","2","550",""
696,"","R","64300.0","325","5312","6100826","6100826","E","4","2","650",""
697,"","IR","170300.0","275","362-1","6100826","6100826","","2","3","550",""
698,"","IR","166300.0","275","1633","6100826","6100826","","3","3","550",""
699,"","R","77900.0","225","9507","6100826","6100826","E","4","3","450",""
700,"","R","59300.0","250","2518","6100826","6100826","","4","3","500",""
701,"","R","32000.0","0","5735","6100826","6100826","","4","2","0",""
702,"","IR","495900.0","300","1538","6100826","6100826","D","3","131","600",""
703,"","R","237400.0","250","2705","6100826","6100826","E","4","2","500",""
704,"","R","190800.0","200","5701","6100826","6100826","","4","2","400",""
705,"","IR","255200.0","375","1870","6100826","6100826","","3","2","750","1870-1"
706,"","R","157400.0","250","2080","6100826","6100826","E","4","2","500",""
707,"","R","70700.0","300","7044","6100826","6100826","","4","2","600",""
708,"","R","35000.0","250","3538","6100826","6100826","E","4","2","500",""
709,"","R","42900.0","250","8393","6100826","6100826","","4","2","500",""
710,"","IR","166300.0","300","1632","6100826","6100826","E","3","3","550",""
711,"","R","44900.0","125","2591","6100826","6100826","D","4","3","250",""
712,"","R","75700.0","250","6444","6100826","6100826","","4","2","500",""
713,"","R","47300.0","175","2188","6100826","6100826","","4","2","350",""
714,"","IR","225000.0","375","1586","6100826","6100826","D","3","3","750",""
715,"","R","70500.0","300","9138","6100826","6100826","D","4","2","600",""
716,"","IR","370200.0","150","1744","6100826","6100826","D","3","2","270",""
717,"","R","63900.0","175","9617","6100826","6100826","","4","2","500","9617-2"
718,"","IR","31700.0","0","1880","6100826","6100826","","3","3","0",""
719,"","R","159700.0","250","5410-1","6100826","6100826","","4","2","500","5410"
720,"","R","65000.0","250","2504","6100826","6100826","","4","3","500",""
721,"","R","46000.0","300","4073","6100826","6100826","","4","2","600",""
722,"","IR","533300.0","225","1696","6100826","6100826","","3","23","450",""
723,"","R","107300.0","325","9028","6100826","6100826","D","4","2","650",""
724,"","R","184000.0","325","5212-1","6100826","6100826","E","4","2","650","5212"
725,"","R","47500.0","50","3746","6100826","6100826","","4","2","100",""
726,"","IR","152100.0","0","1534","6100826","6100826","D","3","2","0",""
727,"","R","22600.0","175","1064","6100826","6100826","","2","2","350",""
728,"","R","83900.0","250","2512","6100826","6100826","D","4","3","500",""
729,"","R","67200.0","300","4341","6100826","6100826","D","4","2","600",""
730,"","R","345900.0","250","2023","6100826","6100826","","4","3","500","2023-2"
731,"","IR","788100.0","275","1834-1","6100826","6100826","","3","3","550","1834"
732,"","R","142200.0","300","5422","6100826","6100826","","4","2","500",""
733,"","R","32400.0","150","9409","6100826","6100826","","4","2","300",""
734,"","R","68600.0","300","3081","6100826","6100826","","4","2","600",""
735,"","IR","259600.0","250","1572","6100826","6100826","E","3","3","500",""
736,"","R","59400.0","300","4313","6100826","6100826","D","4","2","600",""
737,"","IR","108000.0","0","1780","6100826","6100826","","3","3","0",""
738,"","R","33700.0","250","9365","6100826","6100826","D","4","2","500",""
739,"","R","177800.0","0","3117","6100826","6100826","","4","2","600",""
740,"","R","55000.0","325","7103","6100826","6100826","","4","2","650",""
741,"","R","74600.0","250","6811","6100826","6100826","D","2","2","500",""
742,"","IR","230300.0","250","1724","6100826","6100826","D","3","3","500","1724-1"
743,"","R","57800.0","300","4381","6100826","6100826","D","4","2","600",""
744,"","R","143100.0","300","8343-2","6100826","6100826","","4","2","600","8343"
745,"","R","204500.0","250","2443","6100826","6100826","D","4","3","500","2443-2"
746,"","R","76200.0","300","4422","6100826","6100826","D","4","2","600",""
747,"","R","22400.0","0","4408","6100826","6100826","","4","2","0",""
748,"","R","16800.0","200","8581","6100826","6100826","D","4","2","400",""
749,"","R","119000.0","300","4102","6100826","6100826","","4","2","600",""
750,"","R","100300.0","325","5301","6100826","6100826","E","4","2","650",""
751,"","R","36000.0","325","5325","6100826","6100826","E","4","2","650",""
752,"","R","184000.0","350","5203","6100826","6100826","E","4","2","700","5203-2"
753,"","R","55300.0","250","2561","6100826","6100826","D","4","3","500","2561-2"
754,"","IR","225000.0","375","1580","6100826","6100826","","3","3","750",""
755,"","R","136400.0","300","8012","6100826","6100826","E","4","2","800",""
756,"","R","97100.0","150","2464","6100826","6100826","D","4","2","300",""
757,"","R","47700.0","300","4702","6100826","6100826","E","4","2","600",""
758,"","IR","225000.0","400","1585","6100826","6100826","E","3","3","800",""
759,"","R","164100.0","275","2072","6100826","6100826","D","4","2","550",""
760,"","R","73200.0","250","2042","6100826","6100826","E","4","2","500",""
761,"","R","73800.0","250","3534","6100826","6100826","E","4","2","500",""
762,"","R","22400.0","0","4412","6100826","6100826","","4","2","0",""
763,"","R","91100.0","350","7374","6100826","6100826","E","4","2","700",""
764,"","R","66300.0","150","9349","6100826","6100826","","4","2","300",""
765,"","R","23700.0","250","4455","6100826","6100826","D","4","2","500",""
766,"","R","42900.0","250","8387","6100826","6100826","","4","2","500",""
767,"","R","130400.0","275","9401","6100826","6100826","D","4","2","550","9401-2"
768,"","IR","469400.0","200","1540-1","6100826","6100826","D","3","3","400","1540"
769,"","R","55000.0","325","7107","6100826","6100826","","4","2","650",""
770,"","R","71800.0","0","3071","6100826","6100826","D","4","2","0",""
771,"","R","44500.0","250","5581","6100826","6100826","D","4","2","500",""
772,"","R","22400.0","0","4413","6100826","6100826","","4","2","0",""
773,"","R","22200.0","0","8082-1","6100826","6100826","","4","2","0","8082"
774,"","R","70700.0","300","7032","6100826","6100826","","4","2","600",""
775,"","R","108000.0","150","9031","6100826","6100826","","4","2","0",""
776,"","R","21800.0","200","5635","6100826","6100826","","4","2","400",""
777,"","R","159700.0","250","5404-1","6100826","6100826","","4","2","500","5404"
778,"","IR","812500.0","275","1837","6100826","6100826","E","3","23","550","1837-2"
779,"","IR","310500.0","300","1731-2","6100826","6100826","","3","3","550","1731"
780,"","R","166300.0","0","3002","6100826","6100826","","4","3","800",""
781,"","R","43200.0","250","9161","6100826","6100826","","4","2","500",""
782,"","R","120600.0","50","3111","6100826","6100826","","4","2","100",""
783,"","R","67700.0","250","6415","6100826","6100826","","4","2","500",""
784,"","IR","517700.0","250","481-2","6100826","6100826","","2","18","500","481"
785,"","R","84200.0","250","2041","6100826","6100826","E","4","2","500",""
786,"","R","43200.0","250","9166","6100826","6100826","","4","2","500",""
787,"","R","148900.0","250","2102","6100826","6100826","","4","3","500",""
788,"","R","138800.0","250","5601","6100826","6100826","","4","2","500",""
789,"","R","103700.0","350","7567","6100826","6100826","","4","2","700",""
790,"","IR","486000.0","250","1961-2","6100826","6100826","","3","2","500","1961"
791,"","R","184000.0","325","5208-1","6100826","6100826","E","4","2","650","5208"
792,"","R","111800.0","0","4366","6100826","6100826","E","4","2","0",""
793,"","R","16800.0","200","8585","6100826","6100826","D","4","2","400",""
794,"","R","82800.0","200","2411","6100826","6100826","D","4","3","400",""
795,"","R","70700.0","300","7040","6100826","6100826","","4","2","600",""
796,"","R","186200.0","275","2066","6100826","6100826","D","4","2","550",""
797,"","R","55300.0","250","2570-1","6100826","6100826","D","4","2","500","2570"
798,"","R","90500.0","350","5108","6100826","6100826","","4","2","700",""
799,"","IR","254800.0","0","1865-2","6100826","6100826","D","3","2","0","1865"
800,"","R","157400.0","250","2046","6100826","6100826","","4","2","500",""
801,"","R","99400.0","300","9307","6100826","6100826","","4","2","600",""
802,"","IR","748100.0","275","1745","6100826","6100826","","3","3","550","1745-2"
803,"","R","205300.0","250","5421","6100826","6100826","","4","2","500",""
804,"","R","229400.0","350","7002","6100826","6100826","E","4","2","700",""
805,"","R","17000.0","250","9484","6100826","6100826","D","4","2","500",""
806,"","R","138800.0","150","5602","6100826","6100826","","4","2","300",""
807,"","R","55000.0","325","7108","6100826","6100826","","4","2","650",""
808,"","IR","627400.0","300","473-2","6100826","6100826","","2","151","600",""
809,"","R","230300.0","250","2061-2","6100826","6100826","","4","3","500","2061"
810,"","R","44100.0","250","9483","6100826","6100826","D","4","2","500",""
811,"","R","112800.0","250","2854","6100826","6100826","E","4","2","500",""
812,"","R","106100.0","250","2092","6100826","6100826","E","4","2","500",""
813,"","R","148900.0","250","2104","6100826","6100826","","4","3","500",""
814,"","IR","59500.0","250","1557","6100826","6100826","","3","3","500",""
815,"","R","17000.0","250","2207","6100826","6100826","","4","2","500",""
816,"","R","31700.0","300","9441","6100826","6100826","D","4","2","600",""
817,"","R","70700.0","300","7038","6100826","6100826","","4","2","600",""
818,"","R","93700.0","250","2563","6100826","6100826","D","4","3","500","2563-2"
819,"","R","152100.0","0","3073","6100826","6100826","D","4","2","0",""
820,"","R","140000.0","250","4133-2","6100826","6100826","","4","22","500","4133"
821,"","IR","297900.0","0","1737","6100826","6100826","","3","2","0",""
822,"","IR","627400.0","300","347-2","6100826","6100826","","2","151","600",""
823,"","IR","209000.0","225","1595","6100826","6100826","","3","2","450",""
824,"","IR","274400.0","225","1523","6100826","6100826","","3","2","450",""
825,"","R","150300.0","250","4510","6100826","6100826","","4","2","500",""
826,"","R","106100.0","250","2094","6100826","6100826","E","4","2","500",""
827,"","R","17000.0","250","2210","6100826","6100826","","4","2","500",""
828,"","R","142200.0","250","5425","6100826","6100826","","4","2","500",""
829,"","R","22400.0","0","4411","6100826","6100826","","4","2","0",""
830,"","R","223400.0","300","4134","6100826","6100826","D","4","2","600","4134-1"
831,"","R","67700.0","250","6413","6100826","6100826","","4","2","500",""
832,"","R","83900.0","250","2513","6100826","6100826","","4","3","500",""
833,"","IR","250100.0","150","1897","6100826","6100826","","3","3","0",""
834,"","IR","618700.0","225","72-1","6100826","6100826","","2","131","450",""
835,"","R","32000.0","0","5730","6100826","6100826","","4","2","0",""
836,"","IR","461100.0","400","75-2","6100826","6100826","E","2","3","800",""
837,"","R","42900.0","250","8381","6100826","6100826","","4","2","500",""
838,"","R","113700.0","225","9505","6100826","6100826","E","4","2","450",""
839,"","R","22600.0","175","1062","6100826","6100826","","2","2","350",""
840,"","R","67700.0","250","6411","6100826","6100826","","4","2","500",""
841,"","R","35800.0","225","9506","6100826","6100826","E","4","3","450",""
842,"","R","345900.0","300","2024-1","6100826","6100826","","4","3","500","2024"
843,"","R","60200.0","300","4371","6100826","6100826","","4","2","600",""
844,"","IR","334200.0","0","1682","6100826","6100826","D","3","2","0",""
845,"","R","215000.0","300","8001","6100826","6100826","E","4","3","800",""
846,"","R","58800.0","250","4112","6100826","6100826","E","4","3","500",""
847,"","IR","59500.0","250","1554","6100826","6100826","","3","3","500",""
848,"","R","57200.0","300","2610","6100826","6100826","","4","2","600",""
849,"","R","215000.0","300","8004","6100826","6100826","E","4","3","600",""
850,"","R","55000.0","325","7101","6100826","6100826","D","4","2","650",""
851,"","IR","85400.0","250","79-2","6100826","6100826","","2","3","500",""
852,"","R","229400.0","250","7001","6100826","6100826","","4","2","500",""
853,"","R","79700.0","300","9101","6100826","6100826","","4","2","600",""
854,"","R","62000.0","200","8152","6100826","6100826","D","4","2","400",""
855,"","R","21800.0","200","5633","6100826","6100826","","4","2","400",""
856,"","R","147100.0","250","5441","6100826","6100826","","4","2","500",""
857,"","R","35800.0","150","2457","6100826","6100826","D","4","2","300",""
858,"","IR","31700.0","0","1881","6100826","6100826","","3","3","0",""
859,"","R","131100.0","300","4703","6100826","6100826","E","4","2","600",""
860,"","R","86000.0","250","5452","6100826","6100826","","4","2","500",""
861,"","R","59400.0","300","4315","6100826","6100826","D","4","2","600",""
862,"","R","64700.0","0","3630","6100826","6100826","D","4","2","0",""
863,"","R","63900.0","175","9613","6100826","6100826","","4","2","350","9613-2"
864,"","R","68600.0","250","5058","6100826","6100826","E","4","2","800",""
865,"","IR","447100.0","400","1755","6100826","6100826","","3","23","800",""
866,"","R","10700.0","375","4116","6100826","6100826","E","4","22","750",""
867,"","R","33700.0","250","9360","6100826","6100826","D","4","2","500",""
868,"","IR","391300.0","375","1638","6100826","6100826","","3","3","750","1638-1"
869,"","IR","230300.0","0","1721-2","6100826","6100826","","3","3","0","1721"
870,"","R","17000.0","150","9487","6100826","6100826","","4","2","300",""
871,"","R","73200.0","250","2386","6100826","6100826","E","4","2","500",""
872,"","R","17000.0","250","2216","6100826","6100826","E","4","2","500",""
873,"","R","148900.0","175","2111","6100826","6100826","","4","3","250",""
874,"","R","91100.0","350","7372","6100826","6100826","E","4","3","700",""
875,"","R","78300.0","200","5721","6100826","6100826","","4","2","400",""
876,"","IR","31700.0","0","1885","6100826","6100826","","3","3","0",""
877,"","R","61800.0","250","5566","6100826","6100826","","4","2","500","5566-1"
878,"","IR","455600.0","300","1824","6100826","6100826","E","3","3","550",""
879,"","R","17000.0","250","2204","6100826","6100826","E","4","2","500",""
880,"","R","63100.0","150","5502","6100826","6100826","","4","2","300",""
881,"","R","108900.0","250","9387","6100826","6100826","E","4","2","500",""
882,"","R","159700.0","250","5408-1","6100826","6100826","","4","2","500","5408"
883,"","R","65000.0","175","2507","6100826","6100826","D","4","3","250",""
884,"","R","31700.0","300","9435","6100826","6100826","D","4","2","600",""
885,"","R","55300.0","250","2560-1","6100826","6100826","","4","2","500","2560"
886,"","R","108900.0","250","9385","6100826","6100826","E","4","2","500",""
887,"","IR","405500.0","250","1666","6100826","6100826","D","3","3","500",""
888,"","R","33700.0","250","9370","6100826","6100826","D","4","2","500",""
889,"","R","82800.0","175","2181","6100826","6100826","","4","2","350",""
890,"","IR","140000.0","250","1947-2","6100826","6100826","D","3","3","500","1947"
891,"","R","111800.0","250","4144-1","6100826","6100826","","4","2","500","4144"
892,"","R","57800.0","0","4383","6100826","6100826","D","4","2","0",""
893,"","R","67700.0","250","6414","6100826","6100826","","4","2","500",""
894,"","R","208300.0","300","9005","6100826","6100826","","4","2","600",""
895,"","IR","448800.0","225","1646","6100826","6100826","D","3","3","450",""
896,"","R","55000.0","325","7116","6100826","6100826","","4","2","650",""
897,"","R","119000.0","300","4109","6100826","6100826","","4","2","600",""
898,"","R","27000.0","200","8598","6100826","6100826","","4","2","400",""
899,"","R","50900.0","225","9351","6100826","6100826","","4","2","450",""
900,"","R","110400.0","0","3024","6100826","6100826","","4","2","800",""
901,"","R","42900.0","250","8392","6100826","6100826","","4","2","500",""
902,"","R","29700.0","250","2422","6100826","6100826","","4","3","500",""
903,"","R","70700.0","300","7034","6100826","6100826","","4","2","600",""
904,"","R","84000.0","250","5443","6100826","6100826","","4","2","500",""
905,"","IR","533300.0","225","1692","6100826","6100826","","3","3","450",""
906,"","R","70700.0","250","7041","6100826","6100826","","4","2","500",""
907,"","R","209000.0","225","9003","6100826","6100826","","4","3","450",""
908,"","R","61800.0","250","5564","6100826","6100826","","4","2","500","5564-1"
909,"","R","56000.0","50","9663","6100826","6100826","","4","2","100",""
910,"","IR","99600.0","0","1722","6100826","6100826","","3","3","0",""
911,"","R","55300.0","250","2564-1","6100826","6100826","","4","3","500","2564"
912,"","R","45700.0","275","2482","6100826","6100826","","4","3","550",""
913,"","R","127400.0","325","5006","6100826","6100826","E","4","2","800",""
914,"","R","119700.0","325","5204-1","6100826","6100826","","4","2","650","5204"
915,"","R","106100.0","250","2093","6100826","6100826","E","4","2","500",""
916,"","R","22400.0","0","4409","6100826","6100826","","4","2","0",""
917,"","IR","108000.0","150","1793","6100826","6100826","","3","3","0",""
918,"","R","83900.0","250","2515","6100826","6100826","D","4","3","500",""
919,"","R","79700.0","0","9103","6100826","6100826","","4","2","0",""
920,"","R","142100.0","250","9012","6100826","6100826","D","4","2","500",""
921,"","R","127400.0","275","3539","6100826","6100826","","3","3","550",""
922,"","IR","302500.0","0","1658","6100826","6100826","","3","3","0",""
923,"","R","43200.0","250","9170","6100826","6100826","","4","2","500",""
924,"","R","192800.0","300","4092","6100826","6100826","","4","2","600","4092-1"
925,"","IR","166300.0","275","1527","6100826","6100826","","3","3","560",""
926,"","R","205300.0","250","5423","6100826","6100826","E","4","2","500",""
927,"","R","23100.0","300","4421","6100826","6100826","D","4","2","600",""
928,"","R","86000.0","0","5482","6100826","6100826","","4","2","0",""
929,"","R","76200.0","300","4425","6100826","6100826","D","4","2","600",""
930,"","IR","229400.0","250","1771","6100826","6100826","","3","3","500",""
931,"","R","77500.0","150","2461","6100826","6100826","D","4","2","300",""
932,"","R","33700.0","250","9366","6100826","6100826","D","4","2","500",""
933,"","R","193400.0","275","4090-1","6100826","6100826","D","4","2","550","4090"
934,"","R","119800.0","250","6402","6100826","6100826","","4","2","500",""
935,"","R","207700.0","350","8205","6100826","6100826","E","4","2","700",""
936,"","R","9200.0","250","2348","6100826","6100826","E","4","2","500",""
937,"","R","32400.0","150","9407","6100826","6100826","D","4","2","300",""
938,"","R","107400.0","325","9027","6100826","6100826","","4","2","650",""
939,"","R","165700.0","325","3009","6100826","6100826","","4","3","800",""
940,"","R","32400.0","150","9408","6100826","6100826","D","4","2","300",""
941,"","R","21200.0","0","6508","6100826","6100826","","4","2","0",""
942,"","R","157400.0","250","2084","6100826","6100826","","4","2","500",""
943,"","R","184300.0","250","4513","6100826","6100826","","4","2","500",""
944,"","R","72700.0","200","2307","6100826","6100826","E","4","2","400",""
945,"","R","100100.0","250","3512","6100826","6100826","","4","2","500",""
946,"","R","26300.0","300","4318","6100826","6100826","D","4","2","600",""
947,"","IR","944700.0","400","1945-2","6100826","6100826","D","3","3","800","1945"
948,"","IR","9200.0","250","1829","6100826","6100826","","3","3","500",""
949,"","IR","229400.0","250","1776","6100826","6100826","","3","3","500",""
950,"","IR","458200.0","275","1831","6100826","6100826","","3","3","550",""
951,"","R","22600.0","175","1063","6100826","6100826","","2","2","350",""
952,"","R","16100.0","0","36322","6100826","6100826","","2","2","0",""
953,"","R","70700.0","250","7033","6100826","6100826","","4","2","500",""
954,"","R","86000.0","250","5453","6100826","6100826","","4","2","500",""
955,"","R","42900.0","250","8384","6100826","6100826","","4","2","500",""
956,"","R","13200.0","0","37651","6100826","6100826","","2","2","0",""
957,"","R","155400.0","300","4337","6100826","6100826","D","4","2","600",""
958,"","R","24600.0","300","4482","6100826","6100826","E","4","2","600",""
959,"","R","147100.0","250","5442","6100826","6100826","","4","2","500",""
960,"","R","119800.0","250","6401","6100826","6100826","","4","2","500",""
961,"","R","170100.0","250","6312","6100826","6100826","","4","2","500",""
962,"","R","54300.0","250","4548","6100826","6100826","D","4","2","500",""
963,"","IR","108000.0","150","1785","6100826","6100826","","3","3","0",""
964,"","R","131500.0","350","7361","6100826","6100826","E","4","2","700",""
965,"","R","103700.0","350","7576","6100826","6100826","D","4","2","700",""
966,"","R","98000.0","250","9478","6100826","6100826","D","4","2","500",""
967,"","R","157400.0","250","2087","6100826","6100826","E","4","2","500",""
968,"","R","65000.0","175","2503","6100826","6100826","","4","3","250",""
969,"","R","43100.0","0","3643","6100826","6100826","D","4","2","0",""
970,"","R","119000.0","250","4107","6100826","6100826","","4","2","500",""
971,"","R","112800.0","250","2856","6100826","6100826","E","4","2","500",""
972,"","R","22300.0","0","4442","6100826","6100826","E","4","2","0",""
973,"","R","32000.0","0","5734","6100826","6100826","","4","2","0",""
974,"","IR","781000.0","400","1741","6100826","6100826","","3","23","800",""
975,"","IR","274400.0","0","1520","6100826","6100826","","3","2","0",""
976,"","R","43200.0","250","9162","6100826","6100826","","4","2","500",""
977,"","R","26300.0","0","4320","6100826","6100826","D","4","2","0",""
978,"","R","33700.0","150","9361","6100826","6100826","D","4","2","300",""
979,"","R","111800.0","250","4145-2","6100826","6100826","D","4","2","500","4145"
980,"","R","74900.0","200","7687","6100826","6100826","","2","3","400","7687-2"
981,"","R","21800.0","200","5637","6100826","6100826","","4","2","400",""
982,"","R","58800.0","300","4113","6100826","6100826","E","4","2","600",""
983,"","R","21200.0","0","6509","6100826","6100826","","4","2","0",""
984,"","R","73200.0","250","2381","6100826","6100826","E","4","2","500",""
985,"","IR","405500.0","250","1662","6100826","6100826","D","3","3","500",""
986,"","R","22200.0","0","8084-1","6100826","6100826","","4","2","0","8084"
987,"","IR","843700.0","275","1765","6100826","6100826","E","3","19","550","1765-2"
988,"","IR","466200.0","400","1644","6100826","6100826","","3","23","800",""
989,"","IR","250100.0","0","1892","6100826","6100826","","3","3","0",""
990,"","R","51000.0","300","2603","6100826","6100826","E","4","2","500",""
991,"","R","131500.0","350","7366","6100826","6100826","E","4","2","700",""
992,"","R","116200.0","0","5102","6100826","6100826","","4","2","500",""
993,"","R","42900.0","250","8386","6100826","6100826","","4","2","500",""
994,"","R","90500.0","200","5103","6100826","6100826","","4","2","400",""
995,"","R","23700.0","0","4453","6100826","6100826","D","4","2","0",""
996,"","R","53600.0","300","9384","6100826","6100826","E","4","2","600",""
997,"","IR","447100.0","400","1753","6100826","6100826","","3","3","800",""
998,"","IR","230300.0","0","1720","6100826","6100826","","3","3","0","1720-1"
999,"","R","33700.0","250","9363","6100826","6100826","D","4","2","500",""
1000,"","IR","329900.0","150","1531","6100826","6100826","","3","2","270","1531-2"
1001,"","R","661500.0","0","2801-2","6100826","6100826","","4","3","0","2801"
1002,"","IR","225000.0","400","1581","6100826","6100826","E","3","3","800",""
1003,"","IR","31700.0","0","1888","6100826","6100826","","3","3","0",""
1004,"","R","113700.0","225","9502","6100826","6100826","E","4","2","450",""
1005,"","R","184300.0","250","4504","6100826","6100826","","4","2","500",""
1006,"","R","157400.0","250","2045","6100826","6100826","E","4","2","500",""
1007,"","R","63100.0","250","5508","6100826","6100826","","4","2","500",""
1008,"","R","36400.0","175","9612","6100826","6100826","","4","2","300",""
1009,"","R","115600.0","175","2185","6100826","6100826","","4","2","350",""
1010,"","IR","129900.0","300","461","6100826","6100826","","2","22","600",""
1011,"","R","99400.0","250","9305","6100826","6100826","","4","2","500",""
1012,"","R","17000.0","250","2217","6100826","6100826","E","4","2","500",""
1013,"","R","98300.0","250","9572","6100826","6100826","","4","2","500",""
1014,"","R","30600.0","200","8571","6100826","6100826","D","4","2","400",""
1015,"","R","190800.0","325","5302","6100826","6100826","E","4","2","650",""
1016,"","R","31700.0","300","9434","6100826","6100826","D","4","2","600",""
1017,"","R","59300.0","200","4538","6100826","6100826","D","4","2","400",""
1018,"","R","227500.0","250","3503","6100826","6100826","E","4","2","500",""
1019,"","R","78300.0","200","5720","6100826","6100826","","4","2","400",""
1020,"","R","306100.0","300","2026","6100826","6100826","","4","2","550","2026-1"
1021,"","R","54300.0","250","4541","6100826","6100826","D","4","2","500",""
1022,"","R","57200.0","300","2613","6100826","6100826","","4","2","500",""
1023,"","R","111700.0","250","2412-1","6100826","6100826","","4","2","500","2412"
1024,"","R","68600.0","350","5059","6100826","6100826","","4","2","700",""
1025,"","R","170100.0","250","6315","6100826","6100826","","4","2","500",""
1026,"","IR","225000.0","400","1583","6100826","6100826","","3","3","800",""
1027,"","R","79700.0","150","9433","6100826","6100826","","4","2","300",""
1028,"","R","76700.0","350","5071","6100826","6100826","E","4","2","700",""
1029,"","R","38400.0","150","9482","6100826","6100826","D","4","2","300",""
1030,"","R","111800.0","250","4141-2","6100826","6100826","D","4","3","500","4141"
1031,"","R","60200.0","250","5471","6100826","6100826","","4","2","500",""
1032,"","IR","652500.0","275","1622-1","6100826","6100826","","3","131","550","1622"
1033,"","R","26300.0","0","4321","6100826","6100826","D","4","2","0",""
1034,"","IR","31700.0","0","1884","6100826","6100826","","3","3","0",""
1035,"","R","74600.0","250","6814","6100826","6100826","D","2","2","500",""
1036,"","R","76700.0","350","5073","6100826","6100826","E","4","2","700",""
1037,"","R","99400.0","250","9304","6100826","6100826","E","4","2","500",""
1038,"","IR","53600.0","225","1598","6100826","6100826","","3","3","450",""
1039,"","IR","31700.0","0","1889","6100826","6100826","","3","3","0",""
1040,"","R","137700.0","225","9508","6100826","6100826","E","4","3","450",""
1041,"","R","165700.0","325","3011","6100826","6100826","","4","3","800",""
1042,"","R","80000.0","250","2700","6100826","6100826","E","4","2","500",""
1043,"","R","57200.0","300","2605","6100826","6100826","","4","2","500",""
1044,"","R","60200.0","250","5462","6100826","6100826","","4","2","500",""
1045,"","IR","533300.0","225","1695","6100826","6100826","","3","23","450",""
1046,"","R","19600.0","150","2459","6100826","6100826","","4","2","300",""
1047,"","R","59500.0","275","5021","6100826","6100826","","4","2","550",""
1048,"","R","75700.0","250","6441","6100826","6100826","","4","2","500",""
1049,"","R","215000.0","300","8002","6100826","6100826","E","4","3","600",""
1050,"","R","22400.0","0","4404","6100826","6100826","","4","2","0",""
1051,"","R","58900.0","350","5025","6100826","6100826","","4","2","650",""
1052,"","R","192800.0","275","4093-2","6100826","6100826","","4","2","550","4093"
1053,"","R","22400.0","0","4406","6100826","6100826","","4","2","0",""
1054,"","R","55300.0","250","4514","6100826","6100826","","4","2","500",""
1055,"","R","103700.0","350","7573","6100826","6100826","","4","2","700",""
1056,"","R","117200.0","150","9348","6100826","6100826","","4","2","300",""
1057,"","R","78300.0","0","5722","6100826","6100826","","4","2","0",""
1058,"","R","282500.0","250","4512","6100826","6100826","D","4","2","500",""
1059,"","R","27000.0","200","8593","6100826","6100826","E","4","2","400",""
1060,"","R","32100.0","250","4581","6100826","6100826","E","4","2","500",""
1061,"","R","159700.0","250","5405","6100826","6100826","","4","2","500","5405-2"
1062,"","R","27000.0","200","8591","6100826","6100826","E","4","2","400",""
1063,"","IR","254800.0","0","1863-2","6100826","6100826","D","3","2","0","1863"
1064,"","R","16800.0","200","8580","6100826","6100826","D","4","2","400",""
1065,"","R","51500.0","300","3093","6100826","6100826","E","4","2","600",""
1066,"","R","103700.0","0","7565","6100826","6100826","","4","2","0",""
1067,"","R","39400.0","250","9167","6100826","6100826","","4","2","500",""
1068,"","R","22200.0","0","8083","6100826","6100826","","4","2","0","8083-2"
1069,"","R","148900.0","250","2106","6100826","6100826","","4","3","500",""
1070,"","R","186600.0","225","9192","6100826","6100826","","4","2","450",""
1071,"","R","84000.0","250","5444","6100826","6100826","","4","2","500",""
1072,"","R","33700.0","250","9364","6100826","6100826","D","4","2","500",""
1073,"","IR","59500.0","250","1556","6100826","6100826","E","3","3","500",""
1074,"","IR","259600.0","250","1571","6100826","6100826","","3","3","500",""
1075,"","R","166300.0","0","3008","6100826","6100826","","4","3","800",""
1076,"","R","128100.0","250","5003","6100826","6100826","","4","3","500",""
1077,"","R","127400.0","250","3530","6100826","6100826","E","4","2","500",""
1078,"","R","55300.0","250","2565","6100826","6100826","D","4","2","500","2565-2"
1079,"","R","133000.0","300","4339","6100826","6100826","D","4","2","600",""
1080,"","IR","250100.0","150","1893","6100826","6100826","","3","3","0",""
1081,"","IR","59500.0","250","1553","6100826","6100826","","3","3","500",""
1082,"","R","190800.0","0","5704","6100826","6100826","","4","2","0",""
1083,"","R","138800.0","250","5610","6100826","6100826","","4","2","500",""
1084,"","R","103200.0","250","4502","6100826","6100826","E","4","2","500",""
1085,"","R","33700.0","250","9369","6100826","6100826","D","4","2","500",""
1086,"","R","51300.0","250","2083","6100826","6100826","E","4","2","500",""
1087,"","R","24000.0","225","9503","6100826","6100826","E","4","3","450",""
1088,"","R","21200.0","0","6501","6100826","6100826","","4","2","0",""
1089,"","R","76700.0","350","5074","6100826","6100826","E","4","2","700",""
1090,"","R","90500.0","350","5115","6100826","6100826","E","4","3","700",""
1091,"","R","17000.0","150","9489","6100826","6100826","D","4","2","300",""
1092,"","IR","231000.0","375","1857","6100826","6100826","E","3","3","750",""
1093,"","R","81000.0","250","9472","6100826","6100826","D","4","2","500",""
1094,"","R","56000.0","50","9662","6100826","6100826","","4","2","100",""
1095,"","R","52800.0","250","2420","6100826","6100826","D","4","3","500",""
1096,"","IR","572100.0","375","1952","6100826","6100826","","3","3","750","1952-1"
1097,"","R","132700.0","250","8122","6100826","6100826","","4","2","500",""
1098,"","IR","229400.0","300","1773","6100826","6100826","","3","3","600",""
1099,"","IR","447100.0","300","1752","6100826","6100826","","3","3","600",""
1100,"","R","70700.0","250","7039","6100826","6100826","","4","2","500",""
1101,"","R","131500.0","350","7364","6100826","6100826","E","4","2","700",""
1102,"","R","170100.0","250","6311","6100826","6100826","","4","2","500",""
1103,"","IR","250100.0","0","1896","6100826","6100826","","3","3","0",""
1104,"","IR","31700.0","0","1882","6100826","6100826","","3","3","0",""
1105,"","R","47700.0","300","4490","6100826","6100826","E","4","2","600",""
1106,"","IR","447100.0","400","1650","6100826","6100826","E","3","3","800",""
1107,"","R","23700.0","250","4456","6100826","6100826","D","4","2","500",""
1108,"","IR","405500.0","250","1661","6100826","6100826","","3","3","500",""
1109,"","R","23700.0","250","4451","6100826","6100826","D","4","2","500",""
1110,"","IR","43200.0","0","1998","6100826","6100826","","3","3","0",""
1111,"","R","190800.0","0","5702","6100826","6100826","","4","2","0",""
1112,"","R","17000.0","250","2206","6100826","6100826","","4","2","500",""
1113,"","R","99400.0","300","9309","6100826","6100826","","4","2","600",""
1114,"","IR","31700.0","0","1886","6100826","6100826","","3","3","0",""
1115,"","IR","31700.0","0","1883","6100826","6100826","","3","3","0",""
1116,"","R","128100.0","250","5009","6100826","6100826","","4","3","500",""
1117,"","R","57400.0","300","4652","6100826","6100826","D","4","2","600",""
1118,"","R","57800.0","0","4096","6100826","6100826","","4","2","0",""
1119,"","IR","334200.0","375","1681","6100826","6100826","","3","2","750",""
1120,"","R","58900.0","250","9571","6100826","6100826","","4","2","500",""
1121,"","R","83900.0","250","2516","6100826","6100826","","4","3","500",""
1122,"","R","51000.0","525","2606","6100826","6100826","E","4","2","950",""
1123,"","R","138800.0","250","5603","6100826","6100826","","4","2","500",""
1124,"","R","59500.0","250","5027","6100826","6100826","","4","2","500",""
1125,"","R","22200.0","0","8081","6100826","6100826","","4","2","0","8081-2"
1126,"","R","35000.0","250","3537","6100826","6100826","","4","2","500",""
1127,"","R","27000.0","200","8595","6100826","6100826","E","4","2","400",""
1128,"","R","93700.0","250","2568-1","6100826","6100826","D","4","3","500","2568"
1129,"","IR","61900.0","250","1552-1","6100826","6100826","E","3","3","500","1552"
1130,"","R","76200.0","300","4423","6100826","6100826","D","4","2","600",""
1131,"","R","188400.0","325","9023","6100826","6100826","","4","2","650",""
1132,"","R","32000.0","0","5733","6100826","6100826","","4","2","0",""
1133,"","IR","141500.0","0","1698","6100826","6100826","","3","2","0","1698-1"
1134,"","R","184000.0","200","2039-2","6100826","6100826","E","4","2","400","2039"
1135,"","R","67700.0","250","6410","6100826","6100826","","4","2","500",""
1136,"","R","128100.0","250","5004","6100826","6100826","E","4","3","500",""
1137,"","R","55300.0","250","2566-1","6100826","6100826","D","4","3","500","2566"
1138,"","R","131500.0","350","7362","6100826","6100826","E","4","2","700",""
1139,"","IR","796100.0","225","1992","6100826","6100826","","3","3","450","1992-1"
1140,"","IR","59500.0","250","1555","6100826","6100826","","3","3","500",""
1141,"","R","103700.0","350","7572","6100826","6100826","D","4","2","700",""
1142,"","IR","468900.0","250","1843","6100826","6100826","","3","3","500","1843-2"
1143,"","R","150300.0","250","4509","6100826","6100826","E","4","2","500",""
1144,"","R","59300.0","250","4530","6100826","6100826","D","4","2","500",""
1145,"","R","136400.0","0","8013","6100826","6100826","","4","2","0",""
1146,"","R","27000.0","200","8594","6100826","6100826","","4","2","400",""
1147,"","R","86600.0","275","2472","6100826","6100826","D","4","2","550",""
1148,"","R","79000.0","300","9106","6100826","6100826","D","4","2","600",""
1149,"","R","109200.0","300","8032","6100826","6100826","E","4","2","600",""
1150,"","R","111800.0","0","4363","6100826","6100826","","4","2","0",""
1151,"","R","119800.0","250","6404","6100826","6100826","","4","2","500",""
1152,"","R","59300.0","200","4534","6100826","6100826","D","4","2","400",""
1153,"","R","223400.0","250","4111-2","6100826","6100826","","4","2","500","4111"
1154,"","IR","490800.0","400","1641","6100826","6100826","","3","23","800",""
1155,"","R","88300.0","250","9554","6100826","6100826","","4","3","500",""
1156,"","R","55000.0","325","7109","6100826","6100826","D","4","2","650",""
1157,"","R","57800.0","300","4043","6100826","6100826","D","4","2","600",""
1158,"","R","73800.0","250","3531","6100826","6100826","E","4","2","500",""
1159,"","R","21800.0","250","2870","6100826","6100826","E","4","2","500",""
1160,"","R","54300.0","250","4545","6100826","6100826","D","4","2","500",""
1161,"","R","98300.0","250","9573","6100826","6100826","","4","3","500",""
1162,"","R","195500.0","325","5202","6100826","6100826","","4","2","650",""
1163,"","R","98000.0","150","9479","6100826","6100826","D","4","2","300",""
1164,"","R","57800.0","300","4041","6100826","6100826","D","4","2","600",""
1165,"","IR","794700.0","250","1991-2","6100826","6100826","","3","3","600","1991"
1166,"","R","138800.0","250","5604","6100826","6100826","","4","2","500",""
1167,"","IR","152100.0","0","1535","6100826","6100826","D","3","2","0",""
1168,"","R","32000.0","0","5731","6100826","6100826","","4","2","0",""
