DeLa,Id,PinaLa,Tip,Zile,RestrictiiTren_Id
"20141214","1","20151212","Da","16767",0
"20141214","1","20151212","Da","895",1
"20141214","1","20151212","Da","16767",2
"20141214","1","20151212","Da","16767",3
"20141214","1","20151212","Da","831",4
"20141214","1","20151212","Da","16767",5
"20141214","1","20151212","Da","16767",6
"20141214","1","20151212","Da","16767",7
"20141214","1","20151212","Da","16767",8
"20141214","1","20151212","Da","16767",9
"20141214","1","20151212","Da","16767",10
"20141214","1","20141224","Da","287",11
"20141227","2","20141231","Da","287",11
"20150103","3","20150412","Da","287",11
"20150414","4","20150430","Da","287",11
"20150502","5","20150531","Da","287",11
"20150602","6","20151129","Da","287",11
"20151202","7","20151212","Da","287",11
"20141214","1","20141221","Da","287",12
"20141227","2","20141228","Da","287",12
"20150103","3","20150201","Da","287",12
"20150207","4","20150412","Da","287",12
"20150418","5","20150430","Da","287",12
"20150502","6","20150531","Da","287",12
"20150602","7","20150621","Da","287",12
"20150627","8","20150628","Da","287",12
"20150704","9","20150705","Da","287",12
"20150711","10","20150712","Da","287",12
"20150718","11","20150719","Da","287",12
"20150725","12","20150726","Da","287",12
"20150801","13","20150802","Da","287",12
"20150808","14","20150809","Da","287",12
"20150815","15","20150816","Da","287",12
"20150822","16","20150823","Da","287",12
"20150829","17","20150830","Da","287",12
"20150905","18","20150906","Da","287",12
"20150912","19","20151129","Da","287",12
"20151202","20","20151212","Da","287",12
"20141214","1","20151212","Da","16767",13
"20141214","1","20151212","Da","319",14
"20141214","1","20151212","Da","16767",15
"20141214","1","20151212","Da","16767",16
"20141214","1","20141224","Da","287",17
"20141227","2","20141231","Da","287",17
"20150103","3","20150412","Da","287",17
"20150414","4","20150430","Da","287",17
"20150502","5","20150531","Da","287",17
"20150602","6","20151129","Da","287",17
"20151202","7","20151212","Da","287",17
"20141214","1","20151212","Da","16767",18
"20141214","1","20151212","Da","16767",19
"20141214","1","20151212","Da","16767",20
"20141214","1","20151212","Da","16767",21
"20141214","1","20151212","Da","16767",22
"20141214","1","20151212","Da","16767",23
"20141214","1","20151212","Da","16767",24
"20141214","1","20151212","Da","319",25
"20141214","1","20151212","Da","16767",26
"20141214","1","20151212","Da","16767",27
"20141214","1","20151212","Da","16767",28
"20141214","1","20151212","Da","16767",29
"20141214","1","20151212","Da","16767",30
"20141214","1","20151212","Da","16767",31
"20141214","1","20151212","Da","895",32
"20141214","1","20151212","Da","895",33
"20141214","1","20151212","Da","16767",34
"20141214","1","20151212","Da","16767",35
"20141214","1","20151212","Da","351",36
"20141214","1","20141221","Da","287",37
"20141227","2","20141228","Da","287",37
"20150103","3","20150201","Da","287",37
"20150207","4","20150412","Da","287",37
"20150418","5","20150430","Da","287",37
"20150502","6","20150531","Da","287",37
"20150602","7","20150621","Da","287",37
"20150627","8","20150628","Da","287",37
"20150704","9","20150705","Da","287",37
"20150711","10","20150712","Da","287",37
"20150718","11","20150719","Da","287",37
"20150725","12","20150726","Da","287",37
"20150801","13","20150801","Da","287",37
"20150809","14","20150809","Da","287",37
"20150905","15","20150906","Da","287",37
"20150912","16","20151129","Da","287",37
"20151202","17","20151212","Da","287",37
"20141214","1","20141221","Da","287",38
"20150103","2","20150131","Da","287",38
"20150207","3","20150410","Da","287",38
"20150418","4","20150430","Da","287",38
"20150502","5","20150531","Da","287",38
"20150602","6","20150621","Da","287",38
"20150913","7","20151129","Da","287",38
"20151202","8","20151212","Da","287",38
"20141214","1","20151212","Da","16767",39
"20141214","1","20151212","Da","16767",40
"20141214","1","20141224","Da","287",41
"20141227","2","20141231","Da","287",41
"20150103","3","20150412","Da","287",41
"20150414","4","20150430","Da","287",41
"20150502","5","20150531","Da","287",41
"20150602","6","20151129","Da","287",41
"20151202","7","20151212","Da","287",41
"20141214","1","20151212","Da","16767",42
"20141214","1","20151212","Da","16767",43
"20141214","1","20151212","Da","16767",44
"20141214","1","20151212","Da","16767",45
"20141214","1","20151212","Da","319",46
"20141214","1","20151212","Da","351",47
"20141214","1","20141224","Da","831",48
"20141227","2","20141231","Da","831",48
"20150103","3","20150412","Da","831",48
"20150414","4","20150430","Da","831",48
"20150502","5","20150531","Da","831",48
"20150602","6","20150814","Da","831",48
"20150816","7","20151129","Da","831",48
"20151202","8","20151212","Da","831",48
"20141214","1","20141224","Da","799",49
"20141227","2","20141231","Da","799",49
"20150103","3","20150412","Da","799",49
"20150414","4","20150430","Da","799",49
"20150502","5","20150531","Da","799",49
"20150602","6","20151129","Da","799",49
"20151202","7","20151212","Da","799",49
"20141214","1","20151212","Da","16767",50
"20141214","1","20141224","Da","799",51
"20141227","2","20141231","Da","799",51
"20150103","3","20150412","Da","799",51
"20150414","4","20150430","Da","799",51
"20150502","5","20150531","Da","799",51
"20150602","6","20151129","Da","799",51
"20151202","7","20151212","Da","799",51
"20141214","1","20141224","Da","863",52
"20141227","2","20141231","Da","863",52
"20150103","3","20150411","Da","863",52
"20150414","4","20150430","Da","863",52
"20150502","5","20150530","Da","863",52
"20150602","6","20151129","Da","863",52
"20151202","7","20151212","Da","863",52
"20141214","1","20151212","Da","16767",53
"20141214","1","20141224","Da","799",54
"20141227","2","20141231","Da","799",54
"20150103","3","20150412","Da","799",54
"20150414","4","20150430","Da","799",54
"20150502","5","20150531","Da","799",54
"20150602","6","20151129","Da","799",54
"20151202","7","20151212","Da","799",54
"20141214","1","20141224","Da","799",55
"20141227","2","20141231","Da","799",55
"20150103","3","20150412","Da","799",55
"20150414","4","20150430","Da","799",55
"20150502","5","20150531","Da","799",55
"20150602","6","20151129","Da","799",55
"20151202","7","20151212","Da","799",55
"20141214","1","20141224","Da","799",56
"20141227","2","20141231","Da","799",56
"20150103","3","20150412","Da","799",56
"20150414","4","20150430","Da","799",56
"20150502","5","20150531","Da","799",56
"20150602","6","20151129","Da","799",56
"20151202","7","20151212","Da","799",56
"20141214","1","20141219","Da","831",57
"20150104","2","20150130","Da","831",57
"20150208","3","20150410","Da","831",57
"20150412","4","20150412","Da","831",57
"20150419","5","20150430","Da","831",57
"20150502","6","20150531","Da","831",57
"20150602","7","20150619","Da","831",57
"20150913","8","20151129","Da","831",57
"20151202","9","20151212","Da","831",57
"20141214","1","20141224","Da","799",58
"20141227","2","20141231","Da","799",58
"20150103","3","20150412","Da","799",58
"20150414","4","20150430","Da","799",58
"20150502","5","20150531","Da","799",58
"20150602","6","20151129","Da","799",58
"20151202","7","20151212","Da","799",58
"20141214","1","20141224","Da","831",59
"20141227","2","20141231","Da","831",59
"20150103","3","20150412","Da","831",59
"20150414","4","20150430","Da","831",59
"20150502","5","20150531","Da","831",59
"20150602","6","20150814","Da","831",59
"20150816","7","20151129","Da","831",59
"20151202","8","20151212","Da","831",59
"20141214","1","20151212","Da","16767",60
"20141214","1","20151212","Da","16767",61
"20141214","1","20151212","Da","287",62
"20141214","1","20151212","Da","16767",63
"20141214","1","20151212","Da","16767",64
"20141214","1","20151212","Da","16767",65
"20141214","1","20151212","Da","383",66
"20141214","1","20151212","Da","831",67
"20141214","1","20141219","Da","799",68
"20150105","2","20150130","Da","799",68
"20150209","3","20150410","Da","799",68
"20150420","4","20150619","Da","799",68
"20150914","5","20151212","Da","799",68
"20141214","1","20151212","Da","895",69
"20141214","1","20141224","Da","287",70
"20141227","2","20141231","Da","287",70
"20150103","3","20150412","Da","287",70
"20150414","4","20150430","Da","287",70
"20150502","5","20150531","Da","287",70
"20150602","6","20151129","Da","287",70
"20151202","7","20151212","Da","287",70
"20141214","1","20141224","Da","287",71
"20141227","2","20141231","Da","287",71
"20150103","3","20150412","Da","287",71
"20150414","4","20150430","Da","287",71
"20150502","5","20150531","Da","287",71
"20150602","6","20151129","Da","287",71
"20151202","7","20151212","Da","287",71
"20141214","1","20141224","Da","287",72
"20141227","2","20141231","Da","287",72
"20150103","3","20150412","Da","287",72
"20150414","4","20150430","Da","287",72
"20150502","5","20150531","Da","287",72
"20150602","6","20151129","Da","287",72
"20151202","7","20151212","Da","287",72
"20141214","1","20141224","Da","287",73
"20141227","2","20141231","Da","287",73
"20150103","3","20150412","Da","287",73
"20150414","4","20150430","Da","287",73
"20150502","5","20150531","Da","287",73
"20150602","6","20151129","Da","287",73
"20151202","7","20151212","Da","287",73
"20141214","1","20141224","Da","287",74
"20141227","2","20141231","Da","287",74
"20150103","3","20150412","Da","287",74
"20150414","4","20150430","Da","287",74
"20150502","5","20150531","Da","287",74
"20150602","6","20151129","Da","287",74
"20151202","7","20151212","Da","287",74
"20141214","1","20151212","Da","16767",75
"20141214","1","20151212","Da","16767",76
"20141214","1","20141221","Da","799",77
"20141225","2","20141228","Da","799",77
"20150101","3","20150201","Da","799",77
"20150207","4","20150413","Da","799",77
"20150418","5","20150621","Da","799",77
"20150627","6","20150628","Da","799",77
"20150704","7","20150705","Da","799",77
"20150711","8","20150712","Da","799",77
"20150718","9","20150719","Da","799",77
"20150725","10","20150726","Da","799",77
"20150801","11","20150802","Da","799",77
"20150808","12","20150809","Da","799",77
"20150815","13","20150816","Da","799",77
"20150822","14","20150823","Da","799",77
"20150829","15","20150830","Da","799",77
"20150905","16","20150906","Da","799",77
"20150912","17","20151212","Da","799",77
"20141214","1","20151212","Da","16767",78
"20141214","1","20151212","Da","16767",79
"20141214","1","20151212","Da","16767",80
"20141214","1","20151212","Da","16767",81
"20141214","1","20151212","Da","16767",82
"20141214","1","20141224","Da","799",83
"20141227","2","20141231","Da","799",83
"20150103","3","20150412","Da","799",83
"20150414","4","20150430","Da","799",83
"20150502","5","20150531","Da","799",83
"20150602","6","20151129","Da","799",83
"20151202","7","20151212","Da","799",83
"20141214","1","20151212","Da","16767",84
"20141214","1","20151212","Da","16767",85
"20141214","1","20151212","Da","16767",86
"20141214","1","20151212","Da","16767",87
"20141214","1","20151212","Da","351",88
"20141214","1","20151212","Da","16767",89
"20141214","1","20151212","Da","319",90
"20141214","1","20151212","Da","16767",91
"20141214","1","20151212","Da","16767",92
"20141214","1","20151212","Da","16767",93
"20141214","1","20151212","Da","16767",94
"20141214","1","20151212","Da","16767",95
"20141214","1","20151212","Da","16767",96
"20141214","1","20151212","Da","799",97
"20141214","1","20151212","Da","16767",98
"20141214","1","20151212","Da","799",99
"20141214","1","20151212","Da","16767",100
"20141214","1","20151212","Da","16767",101
"20141214","1","20141224","Da","799",102
"20141227","2","20141231","Da","799",102
"20150103","3","20150412","Da","799",102
"20150414","4","20150430","Da","799",102
"20150502","5","20150531","Da","799",102
"20150602","6","20151129","Da","799",102
"20151201","7","20151212","Da","799",102
"20141214","1","20151212","Da","16767",103
"20141214","1","20151212","Da","16767",104
"20141214","1","20151212","Da","271",105
"20141214","1","20151212","Da","16767",106
"20141214","1","20151212","Da","16767",107
"20141214","1","20151212","Da","16767",108
"20141214","1","20151212","Da","16767",109
"20141214","1","20151212","Da","16767",110
"20141214","1","20151212","Da","287",111
"20141214","1","20151212","Da","375",112
"20141214","1","20141219","Da","287",113
"20150105","2","20150130","Da","287",113
"20150209","3","20150410","Da","287",113
"20150420","4","20150619","Da","287",113
"20150914","5","20151212","Da","287",113
"20141214","1","20151212","Da","863",114
"20150614","1","20150914","Da","383",115
"20141214","1","20150612","Da","383",116
"20150914","2","20151212","Da","383",116
"20141214","1","20141219","Da","831",117
"20150104","2","20150130","Da","831",117
"20150208","3","20150410","Da","831",117
"20150419","4","20150430","Da","831",117
"20150502","5","20150531","Da","831",117
"20150602","6","20150619","Da","831",117
"20150913","7","20151129","Da","831",117
"20151202","8","20151212","Da","831",117
"20141214","1","20151212","Da","16767",118
"20141214","1","20151212","Da","287",119
"20141214","1","20151212","Da","382",120
"20141214","1","20151212","Da","16767",121
"20141214","1","20151212","Da","16767",122
"20141214","1","20151212","Da","16767",123
"20141214","1","20151212","Da","16767",124
"20141214","1","20141224","Da","287",125
"20141227","2","20141231","Da","287",125
"20150103","3","20150412","Da","287",125
"20150414","4","20150430","Da","287",125
"20150502","5","20150531","Da","287",125
"20150602","6","20151129","Da","287",125
"20151202","7","20151212","Da","287",125
"20141214","1","20150430","Da","383",126
"20141214","1","20151212","Da","16767",127
"20141214","1","20151212","Da","16767",128
"20141214","1","20141224","Da","799",129
"20141227","2","20141231","Da","799",129
"20150103","3","20150412","Da","799",129
"20150414","4","20150430","Da","799",129
"20150502","5","20150531","Da","799",129
"20150602","6","20151129","Da","799",129
"20151202","7","20151212","Da","799",129
"20141214","1","20151212","Da","16767",130
"20141214","1","20151212","Da","16767",131
"20141214","1","20151212","Da","16767",132
"20150614","1","20150913","Da","319",133
"20141214","1","20151212","Da","16767",134
"20141214","1","20151212","Da","16767",135
"20141214","1","20151212","Da","799",136
"20141214","1","20151212","Da","16767",137
"20141214","1","20141224","Da","799",138
"20141227","2","20141231","Da","799",138
"20150103","3","20150412","Da","799",138
"20150414","4","20150430","Da","799",138
"20150502","5","20150531","Da","799",138
"20150602","6","20151129","Da","799",138
"20151202","7","20151212","Da","799",138
"20141214","1","20150612","Da","383",139
"20150914","2","20151212","Da","383",139
"20141214","1","20151212","Da","16767",140
"20141214","1","20151212","Da","319",141
"20141214","1","20151212","Da","16767",142
"20141214","1","20151212","Da","16767",143
"20141214","1","20151212","Da","16767",144
"20141214","1","20141219","Da","287",145
"20150105","2","20150130","Da","287",145
"20150209","3","20150410","Da","287",145
"20150420","4","20150619","Da","287",145
"20150914","5","20151212","Da","287",145
"20141214","1","20151212","Da","16767",146
"20141214","1","20141224","Da","799",147
"20141227","2","20141231","Da","799",147
"20150103","3","20150412","Da","799",147
"20150414","4","20150430","Da","799",147
"20150502","5","20150531","Da","799",147
"20150602","6","20151129","Da","799",147
"20151202","7","20151212","Da","799",147
"20141214","1","20151212","Da","319",148
"20141214","1","20150612","Da","383",149
"20150914","2","20151212","Da","383",149
"20141214","1","20151212","Da","16767",150
"20141214","1","20151212","Da","16767",151
"20141214","1","20141219","Da","287",152
"20150105","2","20150130","Da","287",152
"20150209","3","20150410","Da","287",152
"20150420","4","20150619","Da","287",152
"20150914","5","20151212","Da","287",152
"20141214","1","20151212","Da","16767",153
"20141214","1","20151212","Da","16767",154
"20141214","1","20151212","Da","16767",155
"20141214","1","20151212","Da","16767",156
"20141214","1","20141224","Da","799",157
"20141227","2","20141231","Da","799",157
"20150103","3","20150412","Da","799",157
"20150414","4","20150430","Da","799",157
"20150502","5","20150531","Da","799",157
"20150602","6","20151129","Da","799",157
"20151202","7","20151212","Da","799",157
"20141214","1","20151212","Da","16767",158
"20141214","1","20151212","Da","16767",159
"20141214","1","20151212","Da","16767",160
"20141214","1","20151212","Da","16767",161
"20141214","1","20151212","Da","16767",162
"20141214","1","20151212","Da","16767",163
"20141214","1","20151212","Da","895",164
"20141214","1","20151212","Da","319",165
"20150612","1","20150913","Da","383",166
"20141214","1","20151212","Da","383",167
"20141214","1","20151212","Da","863",168
"20141214","1","20151212","Da","16767",169
"20141214","1","20151212","Da","16767",170
"20141214","1","20151212","Da","16767",171
"20141214","1","20151212","Da","16767",172
"20141214","1","20151212","Da","16767",173
"20141214","1","20151212","Da","16767",174
"20141214","1","20151212","Da","799",175
"20141214","1","20141224","Da","383",176
"20141227","2","20141231","Da","383",176
"20150103","3","20150411","Da","383",176
"20150414","4","20150430","Da","383",176
"20150502","5","20150530","Da","383",176
"20150602","6","20150613","Da","383",176
"20150915","7","20151129","Da","383",176
"20151202","8","20151212","Da","383",176
"20141214","1","20151212","Da","383",177
"20141214","1","20151212","Da","16767",178
"20141214","1","20151212","Da","16767",179
"20141214","1","20151212","Da","16767",180
"20141214","1","20151212","Da","287",181
"20141214","1","20141224","Da","319",182
"20141227","2","20141231","Da","319",182
"20150103","3","20150412","Da","319",182
"20150414","4","20150430","Da","319",182
"20150502","5","20150531","Da","319",182
"20150602","6","20150814","Da","319",182
"20150816","7","20151129","Da","319",182
"20151202","8","20151212","Da","319",182
"20141214","1","20151212","Da","264",183
"20141214","1","20151212","Da","287",184
"20141214","1","20151212","Da","16767",185
"20141214","1","20151212","Da","16767",186
"20141214","1","20151212","Da","16767",187
"20141214","1","20151212","Da","16767",188
"20141214","1","20151212","Da","16767",189
"20141214","1","20151212","Da","16767",190
"20141214","1","20151212","Da","16767",191
"20150301","1","20151212","Da","383",192
"20141214","1","20150612","Da","383",193
"20150915","2","20151212","Da","383",193
"20141214","1","20141224","Da","799",194
"20141227","2","20141231","Da","799",194
"20150103","3","20150412","Da","799",194
"20150414","4","20150430","Da","799",194
"20150502","5","20150531","Da","799",194
"20150602","6","20151129","Da","799",194
"20151202","7","20151212","Da","799",194
"20141214","1","20150612","Da","383",195
"20150914","2","20151212","Da","383",195
"20141214","1","20151212","Da","16767",196
"20141214","1","20151212","Da","16767",197
"20141214","1","20151212","Da","16767",198
"20141214","1","20151212","Da","16767",199
"20141214","1","20151212","Da","16767",200
"20150301","1","20151212","Da","383",201
"20141214","1","20151212","Da","16767",202
"20150301","1","20151212","Da","383",203
"20141214","1","20151212","Da","16767",204
"20141214","1","20151212","Da","16767",205
"20141214","1","20151212","Da","16767",206
"20141214","1","20141221","Da","784",207
"20150103","2","20150103","Da","784",207
"20150105","3","20150131","Da","784",207
"20150208","4","20150412","Da","784",207
"20150419","5","20150430","Da","784",207
"20150502","6","20150531","Da","784",207
"20150602","7","20150620","Da","784",207
"20150912","8","20151129","Da","784",207
"20151202","9","20151212","Da","784",207
"20141214","1","20151212","Da","16767",208
"20150613","1","20150914","Da","383",209
"20141214","1","20141224","Da","319",210
"20141227","2","20141231","Da","319",210
"20150103","3","20150412","Da","319",210
"20150414","4","20150430","Da","319",210
"20150502","5","20150531","Da","319",210
"20150602","6","20150814","Da","319",210
"20150816","7","20151129","Da","319",210
"20151202","8","20151212","Da","319",210
"20141214","1","20150612","Da","383",211
"20150914","2","20151212","Da","383",211
"20141214","1","20151212","Da","287",212
"20141214","1","20151212","Da","16767",213
"20141214","1","20151212","Da","16767",214
"20141214","1","20151212","Da","16767",215
"20141214","1","20151212","Da","16767",216
"20141214","1","20151212","Da","895",217
"20141214","1","20151212","Da","16767",218
"20141214","1","20151212","Da","16767",219
"20141214","1","20151212","Da","16767",220
"20141214","1","20151212","Da","319",221
"20141214","1","20151212","Da","383",222
"20141214","1","20151212","Da","16767",223
"20141214","1","20151212","Da","16767",224
"20141214","1","20151212","Da","16767",225
"20141214","1","20141224","Da","319",226
"20141227","2","20141231","Da","319",226
"20150103","3","20150412","Da","319",226
"20150414","4","20150430","Da","319",226
"20150502","5","20150531","Da","319",226
"20150602","6","20150814","Da","319",226
"20150816","7","20151129","Da","319",226
"20151202","8","20151212","Da","319",226
"20141214","1","20151212","Da","16767",227
"20141214","1","20151212","Da","16767",228
"20141214","1","20151212","Da","16767",229
"20141214","1","20151212","Da","351",230
"20141214","1","20151212","Da","16767",231
"20141214","1","20151212","Da","351",232
"20141214","1","20151212","Da","16767",233
"20141214","1","20151212","Da","831",234
"20141214","1","20151212","Da","16767",235
"20141214","1","20151212","Da","863",236
"20141214","1","20151212","Da","272",237
"20141214","1","20151212","Da","319",238
"20141214","1","20151212","Da","16767",239
"20141214","1","20151212","Da","351",240
"20141214","1","20151212","Da","16767",241
"20141214","1","20151212","Da","351",242
"20141214","1","20151212","Da","16767",243
"20141214","1","20151212","Da","16767",244
"20141214","1","20151212","Da","16767",245
"20141214","1","20151212","Da","16767",246
"20141214","1","20151212","Da","799",247
"20131215","1","20151212","Da","383",248
"20141214","1","20151212","Da","16767",249
"20141214","1","20151212","Da","16767",250
"20141214","1","20151212","Da","16767",251
"20141214","1","20151212","Da","16767",252
"20141214","1","20151212","Da","16767",253
"20141214","1","20151212","Da","16767",254
"20141214","1","20151212","Da","16767",255
"20150613","1","20150912","Da","383",256
"20141214","1","20151212","Da","831",257
"20141214","1","20151212","Da","16767",258
"20141214","1","20151212","Da","16767",259
"20141214","1","20141224","Da","319",260
"20141227","2","20141231","Da","319",260
"20150103","3","20150412","Da","319",260
"20150414","4","20150430","Da","319",260
"20150502","5","20150531","Da","319",260
"20150602","6","20150814","Da","319",260
"20150816","7","20151129","Da","319",260
"20151202","8","20151212","Da","319",260
"20141214","1","20151212","Da","16767",261
"20141214","1","20151212","Da","16767",262
"20141214","1","20151212","Da","16767",263
"20141214","1","20151212","Da","16767",264
"20141214","1","20151212","Da","16767",265
"20141214","1","20151212","Da","16767",266
"20141214","1","20151212","Da","16767",267
"20141214","1","20151212","Da","16767",268
"20141214","1","20151212","Da","16767",269
"20141214","1","20151212","Da","16767",270
"20141214","1","20151212","Da","16767",271
"20141214","1","20151212","Da","16767",272
"20141214","1","20151212","Da","16767",273
"20141214","1","20151212","Da","16767",274
"20141214","1","20151212","Da","16767",275
"20141214","1","20151212","Da","799",276
"20141214","1","20151212","Da","16767",277
"20141214","1","20151212","Da","16767",278
"20141214","1","20151212","Da","16767",279
"20141214","1","20151212","Da","16767",280
"20141214","1","20151212","Da","16767",281
"20141214","1","20151212","Da","16767",282
"20141214","1","20151212","Da","16767",283
"20141214","1","20151212","Da","16767",284
"20141214","1","20151212","Da","16767",285
"20141214","1","20151212","Da","319",286
"20141214","1","20151212","Da","16767",287
"20141214","1","20151212","Da","16767",288
"20141214","1","20151212","Da","16767",289
"20141214","1","20151212","Da","16767",290
"20141214","1","20151212","Da","16767",291
"20141214","1","20141224","Da","351",292
"20141227","2","20141231","Da","351",292
"20150103","3","20150411","Da","351",292
"20150414","4","20150430","Da","351",292
"20150502","5","20150530","Da","351",292
"20150602","6","20151129","Da","351",292
"20151202","7","20151212","Da","351",292
"20141214","1","20151212","Da","16767",293
"20150612","1","20150913","Da","383",294
"20141214","1","20151212","Da","895",295
"20141214","1","20151212","Da","16767",296
"20141214","1","20151212","Da","16767",297
"20141214","1","20151212","Da","16767",298
"20141214","1","20151212","Da","16767",299
"20141214","1","20151212","Da","16767",300
"20141214","1","20151212","Da","335",301
"20141214","1","20151212","Da","16767",302
"20141214","1","20151212","Da","16767",303
"20141214","1","20151212","Da","16767",304
"20150612","1","20150914","Da","383",305
"20141214","1","20151212","Da","16767",306
"20141214","1","20151212","Da","16767",307
"20141214","1","20151212","Da","16767",308
"20141214","1","20151212","Da","287",309
"20141214","1","20151212","Da","16767",310
"20141214","1","20141224","Da","799",311
"20141227","2","20141231","Da","799",311
"20150103","3","20150412","Da","799",311
"20150414","4","20150430","Da","799",311
"20150502","5","20150531","Da","799",311
"20150602","6","20151129","Da","799",311
"20151202","7","20151212","Da","799",311
"20141214","1","20151212","Da","16767",312
"20141214","1","20151212","Da","16767",313
"20141214","1","20151212","Da","16767",314
"20141214","1","20141219","Da","287",315
"20150105","2","20150130","Da","287",315
"20150209","3","20150410","Da","287",315
"20150420","4","20150619","Da","287",315
"20150914","5","20151212","Da","287",315
"20141214","1","20151212","Da","16767",316
"20141214","1","20151212","Da","287",317
"20141214","1","20151212","Da","319",318
"20141214","1","20151212","Da","16767",319
"20141214","1","20151212","Da","16767",320
"20141214","1","20151212","Da","16767",321
"20141214","1","20151212","Da","16767",322
"20141214","1","20151212","Da","319",323
"20141214","1","20151212","Da","16767",324
"20141214","1","20151212","Da","287",325
"20141214","1","20151212","Da","16767",326
"20141214","1","20151212","Da","16767",327
"20141214","1","20151212","Da","16767",328
"20141214","1","20151212","Da","16767",329
"20141214","1","20151212","Da","16767",330
"20141214","1","20151212","Da","16767",331
"20141214","1","20151212","Da","16767",332
"20141214","1","20151212","Da","799",333
"20150613","1","20150913","Da","383",334
"20141214","1","20151212","Da","16767",335
"20141214","1","20141219","Da","799",336
"20150105","2","20150130","Da","799",336
"20150209","3","20150410","Da","799",336
"20150420","4","20150619","Da","799",336
"20150914","5","20151212","Da","799",336
"20141214","1","20151212","Da","16767",337
"20141214","1","20151212","Da","16767",338
"20141214","1","20151212","Da","16767",339
"20141214","1","20151212","Da","16767",340
"20141214","1","20151212","Da","16767",341
"20141214","1","20151212","Da","16767",342
"20150613","1","20150913","Da","383",343
"20131215","1","20151212","Da","383",344
"20141214","1","20151212","Da","16767",345
"20141214","1","20151212","Da","16767",346
"20141214","1","20151212","Da","16767",347
"20141214","1","20151212","Da","16767",348
"20141214","1","20151212","Da","16767",349
"20141214","1","20151212","Da","16767",350
"20141214","1","20151212","Da","16767",351
"20141214","1","20151212","Da","16767",352
"20141214","1","20151212","Da","16767",353
"20141214","1","20151212","Da","16767",354
"20141214","1","20151212","Da","16767",355
"20141214","1","20151212","Da","16767",356
"20141214","1","20151212","Da","16767",357
"20141214","1","20150612","Da","383",358
"20150914","2","20151212","Da","383",358
"20141214","1","20151212","Da","16767",359
"20141214","1","20151212","Da","16767",360
"20141214","1","20151212","Da","16767",361
"20141214","1","20151212","Da","16767",362
"20141214","1","20151212","Da","831",363
"20141214","1","20151212","Da","16767",364
"20150612","1","20150904","Da","383",365
"20141214","1","20141221","Da","287",366
"20141227","2","20141228","Da","287",366
"20150103","3","20150201","Da","287",366
"20150207","4","20150412","Da","287",366
"20150418","5","20150430","Da","287",366
"20150502","6","20150531","Da","287",366
"20150602","7","20150621","Da","287",366
"20150627","8","20150628","Da","287",366
"20150704","9","20150705","Da","287",366
"20150711","10","20150712","Da","287",366
"20150718","11","20150719","Da","287",366
"20150725","12","20150726","Da","287",366
"20150801","13","20150802","Da","287",366
"20150808","14","20150809","Da","287",366
"20150815","15","20150816","Da","287",366
"20150822","16","20150823","Da","287",366
"20150829","17","20150830","Da","287",366
"20150905","18","20150906","Da","287",366
"20150912","19","20151129","Da","287",366
"20151202","20","20151212","Da","287",366
"20141214","1","20151212","Da","351",367
"20150614","1","20150914","Da","383",368
"20141214","1","20151212","Da","351",369
"20141214","1","20151212","Da","16767",370
"20141214","1","20151212","Da","16767",371
"20141214","1","20151212","Da","16767",372
"20141214","1","20151212","Da","16767",373
"20141214","1","20151212","Da","16767",374
"20141214","1","20150611","Da","383",375
"20150914","2","20151212","Da","383",375
"20141214","1","20151212","Da","16767",376
"20141214","1","20151212","Da","16767",377
"20141214","1","20151212","Da","16767",378
"20141214","1","20151212","Da","16767",379
"20141214","1","20151212","Da","16767",380
"20141214","1","20151212","Da","16767",381
"20141214","1","20151212","Da","382",382
"20141214","1","20141221","Da","799",383
"20150103","2","20150131","Da","799",383
"20150207","3","20150412","Da","799",383
"20150418","4","20150430","Da","799",383
"20150502","5","20150531","Da","799",383
"20150602","6","20150620","Da","799",383
"20150801","7","20150801","Da","799",383
"20150912","8","20151129","Da","799",383
"20151202","9","20151212","Da","799",383
"20141214","1","20151212","Da","16767",384
"20141214","1","20141224","Da","799",385
"20141227","2","20141231","Da","799",385
"20150103","3","20150412","Da","799",385
"20150414","4","20150430","Da","799",385
"20150502","5","20150531","Da","799",385
"20150602","6","20151129","Da","799",385
"20151202","7","20151212","Da","799",385
"20141214","1","20151212","Da","16767",386
"20141214","1","20151212","Da","16767",387
"20141214","1","20151212","Da","351",388
"20141214","1","20151212","Da","16767",389
"20141214","1","20151212","Da","895",390
"20141214","1","20151212","Da","16767",391
"20141214","1","20151212","Da","16767",392
"20141214","1","20151212","Da","16767",393
"20141214","1","20151212","Da","16767",394
"20141214","1","20151212","Da","16767",395
"20141214","1","20151212","Da","895",396
"20141214","1","20151212","Da","895",397
"20150614","1","20150913","Da","383",398
"20141214","1","20151212","Da","16767",399
"20141214","1","20151212","Da","16767",400
"20141214","1","20151212","Da","16767",401
"20141214","1","20151212","Da","16767",402
"20141214","1","20151212","Da","351",403
"20141214","1","20151212","Da","16767",404
"20141214","1","20151212","Da","16767",405
"20141214","1","20151212","Da","16767",406
"20141214","1","20151212","Da","16767",407
"20141214","1","20151212","Da","16767",408
"20141214","1","20141224","Da","799",409
"20141227","2","20141231","Da","799",409
"20150103","3","20150412","Da","799",409
"20150414","4","20150430","Da","799",409
"20150502","5","20150531","Da","799",409
"20150602","6","20151129","Da","799",409
"20151202","7","20151212","Da","799",409
"20141214","1","20151212","Da","16767",410
"20141214","1","20141224","Da","319",411
"20141227","2","20141231","Da","319",411
"20150103","3","20150412","Da","319",411
"20150414","4","20150430","Da","319",411
"20150502","5","20150531","Da","319",411
"20150602","6","20150814","Da","319",411
"20150816","7","20151129","Da","319",411
"20151202","8","20151212","Da","319",411
"20141214","1","20151212","Da","16767",412
"20141214","1","20151212","Da","16767",413
"20141214","1","20141221","Da","799",414
"20141225","2","20141228","Da","799",414
"20150101","3","20150201","Da","799",414
"20150207","4","20150411","Da","799",414
"20150413","5","20150413","Da","799",414
"20150418","6","20150621","Da","799",414
"20150801","7","20150802","Da","799",414
"20150912","8","20150919","Da","799",414
"20150921","9","20151212","Da","799",414
"20141214","1","20151212","Da","16767",415
"20141214","1","20151212","Da","16767",416
"20141214","1","20151212","Da","287",417
"20141214","1","20151212","Da","16767",418
"20141214","1","20151212","Da","799",419
"20141214","1","20151212","Da","16767",420
"20141214","1","20151212","Da","16767",421
"20141214","1","20151212","Da","16767",422
"20141214","1","20151212","Da","16767",423
"20141214","1","20151212","Da","16767",424
"20141214","1","20151212","Da","16767",425
"20141214","1","20151212","Da","383",426
"20141214","1","20151212","Da","16767",427
"20141214","1","20151212","Da","16767",428
"20141214","1","20151212","Da","16767",429
"20141214","1","20151212","Da","16767",430
"20141214","1","20151212","Da","16767",431
"20141214","1","20151212","Da","16767",432
"20141214","1","20151212","Da","16767",433
"20141214","1","20151212","Da","287",434
"20141214","1","20151212","Da","16767",435
"20141214","1","20151212","Da","16767",436
"20141214","1","20151212","Da","16767",437
"20141214","1","20151212","Da","16767",438
"20141214","1","20151212","Da","351",439
"20141214","1","20151212","Da","16767",440
"20141214","1","20151212","Da","16767",441
"20141214","1","20151212","Da","16767",442
"20141214","1","20151212","Da","16767",443
"20141214","1","20151212","Da","16767",444
"20141214","1","20151212","Da","16767",445
"20141214","1","20151212","Da","287",446
"20141214","1","20151212","Da","16767",447
"20141214","1","20151212","Da","16767",448
"20141214","1","20151212","Da","351",449
"20141214","1","20151212","Da","16767",450
"20141214","1","20151212","Da","383",451
"20141214","1","20151212","Da","16767",452
"20141214","1","20151212","Da","16767",453
"20141214","1","20151212","Da","16767",454
"20141214","1","20151212","Da","16767",455
"20141214","1","20151212","Da","16767",456
"20141214","1","20151212","Da","16767",457
"20141214","1","20151212","Da","16767",458
"20141214","1","20151212","Da","16767",459
"20141214","1","20151212","Da","16767",460
"20141214","1","20151212","Da","16767",461
"20141214","1","20151212","Da","16767",462
"20141214","1","20151212","Da","16767",463
"20141214","1","20151212","Da","16767",464
"20141214","1","20151212","Da","16767",465
"20150613","1","20150912","Da","383",466
"20141214","1","20151212","Da","16767",467
"20141215","1","20151212","Da","383",468
"20141214","1","20151212","Da","287",469
"20141214","1","20151212","Da","16767",470
"20141214","1","20151212","Da","16767",471
"20141214","1","20151212","Da","16767",472
"20141214","1","20151212","Da","16767",473
"20141214","1","20151212","Da","16767",474
"20141214","1","20151212","Da","16767",475
"20141214","1","20151212","Da","16767",476
"20141214","1","20151212","Da","16767",477
"20141214","1","20151212","Da","16767",478
"20141214","1","20151212","Da","16767",479
"20141214","1","20151212","Da","16767",480
"20141214","1","20151212","Da","16767",481
"20141214","1","20151212","Da","16767",482
"20141214","1","20151212","Da","287",483
"20141214","1","20151212","Da","16767",484
"20141214","1","20151212","Da","16767",485
"20141214","1","20151212","Da","16767",486
"20141214","1","20151212","Da","16767",487
"20141214","1","20151212","Da","16767",488
"20141214","1","20150611","Da","383",489
"20150914","2","20151212","Da","383",489
"20141214","1","20151212","Da","287",490
"20141214","1","20151212","Da","351",491
"20141214","1","20150612","Da","383",492
"20150914","2","20151212","Da","383",492
"20141214","1","20151212","Da","16767",493
"20141214","1","20151212","Da","16767",494
"20141214","1","20151212","Da","16767",495
"20141214","1","20151212","Da","16767",496
"20150614","1","20150913","Da","383",497
"20141214","1","20151212","Da","383",498
"20141214","1","20151212","Da","16767",499
"20141214","1","20151212","Da","319",500
"20141214","1","20151212","Da","319",501
"20141214","1","20151212","Da","16767",502
"20141214","1","20151212","Da","319",503
"20141214","1","20151212","Da","16767",504
"20141214","1","20151212","Da","16767",505
"20141214","1","20151212","Da","16767",506
"20141214","1","20151212","Da","16767",507
"20141214","1","20151212","Da","16767",508
"20141214","1","20151212","Da","351",509
"20141214","1","20151212","Da","16767",510
"20141214","1","20150613","Da","319",511
"20150914","2","20151213","Da","319",511
"20141214","1","20151212","Da","272",512
"20141214","1","20151212","Da","16767",513
"20141214","1","20151212","Da","16767",514
"20141214","1","20151212","Da","16767",515
"20141214","1","20151212","Da","16767",516
"20141214","1","20151212","Da","16767",517
"20141214","1","20151212","Da","16767",518
"20141214","1","20141219","Da","799",519
"20150105","2","20150130","Da","799",519
"20150209","3","20150410","Da","799",519
"20150420","4","20150619","Da","799",519
"20150914","5","20151212","Da","799",519
"20141214","1","20151212","Da","319",520
"20141214","1","20151212","Da","16767",521
"20141214","1","20151212","Da","319",522
"20141214","1","20151212","Da","799",523
"20141214","1","20150612","Da","383",524
"20150913","2","20151212","Da","383",524
"20141214","1","20151212","Da","16767",525
"20141214","1","20151212","Da","16767",526
"20141214","1","20151212","Da","16767",527
"20141214","1","20151212","Da","16767",528
"20141214","1","20151212","Da","16767",529
"20141214","1","20151212","Da","16767",530
"20141214","1","20151212","Da","16767",531
"20141214","1","20151212","Da","319",532
"20141214","1","20151212","Da","16767",533
"20141214","1","20151212","Da","16767",534
"20141214","1","20151212","Da","16767",535
"20141214","1","20151212","Da","351",536
"20141214","1","20151212","Da","16767",537
"20141214","1","20151212","Da","831",538
"20141214","1","20151212","Da","16767",539
"20131215","1","20151212","Da","383",540
"20141214","1","20151212","Da","16767",541
"20150612","1","20150913","Da","383",542
"20141214","1","20151212","Da","16767",543
"20141214","1","20141224","Da","287",544
"20141227","2","20141231","Da","287",544
"20150103","3","20150412","Da","287",544
"20150414","4","20150430","Da","287",544
"20150502","5","20150531","Da","287",544
"20150602","6","20151129","Da","287",544
"20151202","7","20151212","Da","287",544
"20141214","1","20151212","Da","16767",545
"20141214","1","20151212","Da","319",546
"20141214","1","20151212","Da","895",547
"20141214","1","20151212","Da","16767",548
"20141214","1","20151212","Da","16767",549
"20141214","1","20151212","Da","287",550
"20141214","1","20150612","Da","383",551
"20150914","2","20151212","Da","383",551
"20141214","1","20151212","Da","16767",552
"20150613","1","20150913","Da","383",553
"20141214","1","20151212","Da","16767",554
"20141214","1","20151212","Da","16767",555
"20150613","1","20150912","Da","383",556
"20141214","1","20151212","Da","16767",557
"20141214","1","20151212","Da","16767",558
"20141214","1","20151212","Da","16767",559
"20141214","1","20151212","Da","319",560
"20141214","1","20151212","Da","16767",561
"20141214","1","20151212","Da","16767",562
"20150612","1","20150912","Da","383",563
"20141214","1","20151212","Da","16767",564
"20141214","1","20151212","Da","287",565
"20141214","1","20151212","Da","16767",566
"20141214","1","20151212","Da","16767",567
"20141214","1","20150612","Da","383",568
"20150914","2","20151212","Da","383",568
"20141214","1","20151212","Da","319",569
"20141214","1","20151212","Da","16767",570
"20141214","1","20151212","Da","16767",571
"20141214","1","20151212","Da","16767",572
"18991230","1","20150716","Da","369",573
"20141214","2","20151212","Da","369",573
"20141214","1","20150612","Da","383",574
"20150914","2","20151212","Da","383",574
"20141214","1","20151212","Da","16767",575
"20141214","1","20151212","Da","16767",576
"20141214","1","20151212","Da","16767",577
"20141214","1","20151212","Da","16767",578
"20141214","1","20141221","Da","287",579
"20141227","2","20141227","Da","287",579
"20150103","3","20150131","Da","287",579
"20150208","4","20150412","Da","287",579
"20150418","5","20150430","Da","287",579
"20150502","6","20150531","Da","287",579
"20150602","7","20150619","Da","287",579
"20150801","8","20150802","Da","287",579
"20150912","9","20151129","Da","287",579
"20151202","10","20151212","Da","287",579
"20141214","1","20151212","Da","383",580
"20141214","1","20151212","Da","319",581
"20141214","1","20151212","Da","16767",582
"20141214","1","20151212","Da","16767",583
"20141214","1","20151212","Da","16767",584
"20141214","1","20151212","Da","16767",585
"20141214","1","20151212","Da","16767",586
"20141214","1","20151212","Da","16767",587
"20141214","1","20151212","Da","351",588
"20141214","1","20151212","Da","16767",589
"20150612","1","20150913","Da","383",590
"20141214","1","20151212","Da","16767",591
"20141214","1","20151212","Da","16767",592
"20141214","1","20151212","Da","16767",593
"20141214","1","20151212","Da","16767",594
"20141214","1","20151212","Da","16767",595
"20141214","1","20151212","Da","16767",596
"20150612","1","20150913","Da","383",597
"20141214","1","20151212","Da","319",598
"20141214","1","20151212","Da","16767",599
"20141214","1","20151212","Da","16767",600
"20141214","1","20151212","Da","16767",601
"20141214","1","20151212","Da","351",602
"20141214","1","20151212","Da","16767",603
"20141214","1","20151212","Da","16767",604
"20141214","1","20151212","Da","16767",605
"20141214","1","20151212","Da","895",606
"20141214","1","20151212","Da","16767",607
"20141214","1","20151212","Da","287",608
"20141214","1","20151212","Da","16767",609
"20141214","1","20151212","Da","16767",610
"20141214","1","20151212","Da","16767",611
"20141214","1","20151212","Da","16767",612
"20141214","1","20151212","Da","16767",613
"20141214","1","20151212","Da","383",614
"20141214","1","20151212","Da","16767",615
"20141214","1","20151212","Da","16767",616
"20141214","1","20151212","Da","16767",617
"20141214","1","20151212","Da","383",618
"20141214","1","20151212","Da","287",619
"20141214","1","20151212","Da","16767",620
"20141214","1","20151212","Da","16767",621
"20141214","1","20151212","Da","16767",622
"20141214","1","20151212","Da","16767",623
"20141214","1","20151212","Da","16767",624
"20141214","1","20151212","Da","16767",625
"20141214","1","20151212","Da","351",626
"20141214","1","20151212","Da","16767",627
"20141214","1","20151212","Da","16767",628
"20141214","1","20151212","Da","16767",629
"20141214","1","20151212","Da","383",630
"20141214","1","20151212","Da","319",631
"20141214","1","20151212","Da","16767",632
"20141214","1","20151212","Da","319",633
"20141214","1","20151212","Da","319",634
"20141214","1","20151212","Da","16767",635
"20141214","1","20151212","Da","16767",636
"20141214","1","20151212","Da","16767",637
"20141214","1","20151212","Da","16767",638
"20141214","1","20151212","Da","287",639
"20141214","1","20151212","Da","799",640
"20141214","1","20151212","Da","16767",641
"20150501","1","20151212","Da","383",642
"20141214","1","20151212","Da","16767",643
"20141214","1","20151212","Da","16767",644
"20141214","1","20151212","Da","895",645
"20141214","1","20151212","Da","16767",646
"20141214","1","20141219","Da","287",647
"20150105","2","20150130","Da","287",647
"20150209","3","20150410","Da","287",647
"20150420","4","20150619","Da","287",647
"20150914","5","20151212","Da","287",647
"20141214","1","20151212","Da","16767",648
"20141214","1","20151212","Da","16767",649
"20141214","1","20151212","Da","16767",650
"20141214","1","20151212","Da","319",651
"20141214","1","20151212","Da","16767",652
"20141214","1","20151212","Da","16767",653
"20141214","1","20141224","Da","799",654
"20141227","2","20141231","Da","799",654
"20150103","3","20150412","Da","799",654
"20150414","4","20150430","Da","799",654
"20150502","5","20150531","Da","799",654
"20150602","6","20151129","Da","799",654
"20151202","7","20151212","Da","799",654
"20141214","1","20151212","Da","16767",655
"20141214","1","20151212","Da","16767",656
"20141214","1","20151212","Da","16767",657
"20150615","1","20150914","Da","383",658
"20141214","1","20151212","Da","16767",659
"20141214","1","20151212","Da","16767",660
"20141214","1","20151212","Da","16767",661
"20141214","1","20151212","Da","16767",662
"20141214","1","20151212","Da","16767",663
"20141214","1","20141219","Da","799",664
"20150105","2","20150130","Da","799",664
"20150209","3","20150410","Da","799",664
"20150420","4","20150619","Da","799",664
"20150914","5","20151212","Da","799",664
"20141214","1","20141219","Da","287",665
"20150103","2","20150131","Da","287",665
"20150207","3","20150410","Da","287",665
"20150418","4","20150430","Da","287",665
"20150502","5","20150531","Da","287",665
"20150602","6","20150619","Da","287",665
"20150912","7","20151129","Da","287",665
"20151202","8","20151212","Da","287",665
"20141214","1","20151212","Da","16767",666
"20141214","1","20151212","Da","831",667
"20141214","1","20151212","Da","16767",668
"20141214","1","20141221","Da","287",669
"20141227","2","20141228","Da","287",669
"20150103","3","20150201","Da","287",669
"20150207","4","20150412","Da","287",669
"20150418","5","20150430","Da","287",669
"20150502","6","20150531","Da","287",669
"20150602","7","20150621","Da","287",669
"20150801","8","20150802","Da","287",669
"20150912","9","20151129","Da","287",669
"20151202","10","20151212","Da","287",669
"20141214","1","20151212","Da","16767",670
"20141214","1","20151212","Da","16767",671
"20141214","1","20151212","Da","16767",672
"20141214","1","20141221","Da","287",673
"20141227","2","20141228","Da","287",673
"20150103","3","20150201","Da","287",673
"20150207","4","20150412","Da","287",673
"20150418","5","20150430","Da","287",673
"20150502","6","20150531","Da","287",673
"20150602","7","20150621","Da","287",673
"20150627","8","20150628","Da","287",673
"20150704","9","20150705","Da","287",673
"20150711","10","20150712","Da","287",673
"20150718","11","20150719","Da","287",673
"20150725","12","20150726","Da","287",673
"20150801","13","20150802","Da","287",673
"20150808","14","20150809","Da","287",673
"20150815","15","20150816","Da","287",673
"20150822","16","20150823","Da","287",673
"20150829","17","20150830","Da","287",673
"20150905","18","20150906","Da","287",673
"20150912","19","20151129","Da","287",673
"20151202","20","20151212","Da","287",673
"20141214","1","20151212","Da","16767",674
"20141214","1","20151212","Da","16767",675
"20141214","1","20151212","Da","16767",676
"20150612","1","20150913","Da","383",677
"20141214","1","20151212","Da","351",678
"20141214","1","20151212","Da","351",679
"20141214","1","20151212","Da","16767",680
"20141214","1","20151212","Da","16767",681
"20141214","1","20151212","Da","831",682
"20141214","1","20151212","Da","16767",683
"20141214","1","20151212","Da","287",684
"20141214","1","20151212","Da","16767",685
"20141214","1","20151212","Da","319",686
"20141214","1","20151212","Da","16767",687
"20141214","1","20151212","Da","16767",688
"20141214","1","20151212","Da","287",689
"20141214","1","20151212","Da","16767",690
"20141214","1","20141224","Da","383",691
"20141227","2","20141231","Da","383",691
"20150103","3","20150411","Da","383",691
"20150414","4","20150430","Da","383",691
"20150502","5","20150530","Da","383",691
"20150602","6","20150611","Da","383",691
"20150913","7","20151129","Da","383",691
"20151202","8","20151212","Da","383",691
"20141214","1","20151212","Da","16767",692
"20141214","1","20151212","Da","16767",693
"20141214","1","20151212","Da","16767",694
"20141214","1","20151212","Da","895",695
"20141214","1","20151212","Da","16767",696
"20150301","1","20151212","Da","383",697
"20141214","1","20151212","Da","16767",698
"20141214","1","20151212","Da","351",699
"20141214","1","20151212","Da","351",700
"20141214","1","20151212","Da","16767",701
"20141214","1","20151212","Da","16767",702
"20141214","1","20151212","Da","16767",703
"20141214","1","20151212","Da","16767",704
"18991230","1","20150902","Da","369",705
"20141214","2","20151212","Da","369",705
"20141214","1","20151212","Da","16767",706
"20141214","1","20151212","Da","16767",707
"20141214","1","20151212","Da","319",708
"20141214","1","20150612","Da","383",709
"20150914","2","20151212","Da","383",709
"20141214","1","20151212","Da","16767",710
"20141214","1","20141221","Da","799",711
"20141225","2","20141228","Da","799",711
"20150101","3","20150201","Da","799",711
"20150207","4","20150413","Da","799",711
"20150418","5","20150621","Da","799",711
"20150627","6","20150628","Da","799",711
"20150704","7","20150705","Da","799",711
"20150711","8","20150712","Da","799",711
"20150718","9","20150719","Da","799",711
"20150725","10","20150726","Da","799",711
"20150801","11","20150802","Da","799",711
"20150808","12","20150809","Da","799",711
"20150816","13","20150816","Da","799",711
"20150823","14","20150823","Da","799",711
"20150914","15","20151212","Da","799",711
"20141214","1","20151212","Da","16767",712
"20141214","1","20151212","Da","287",713
"20141214","1","20151212","Da","16767",714
"20141214","1","20151212","Da","863",715
"20141214","1","20151212","Da","16767",716
"20141214","1","20151212","Da","16767",717
"20141214","1","20151212","Da","16767",718
"20141214","1","20151212","Da","16767",719
"20141214","1","20151212","Da","16767",720
"20141214","1","20141221","Da","287",721
"20150103","2","20150131","Da","287",721
"20150208","3","20150410","Da","287",721
"20150419","4","20150430","Da","287",721
"20150502","5","20150531","Da","287",721
"20150602","6","20150619","Da","287",721
"20150912","7","20151129","Da","287",721
"20151202","8","20151212","Da","287",721
"20141214","1","20151212","Da","16767",722
"20141214","1","20151212","Da","16767",723
"20141214","1","20151212","Da","16767",724
"20141214","1","20151212","Da","287",725
"20141214","1","20151212","Da","16767",726
"20141214","1","20151212","Da","16767",727
"20141214","1","20151212","Da","16767",728
"20141214","1","20151212","Da","16767",729
"20141214","1","20151212","Da","16767",730
"20141214","1","20151212","Da","16767",731
"20141214","1","20151212","Da","16767",732
"20141214","1","20151212","Da","351",733
"20141214","1","20151212","Da","319",734
"20141214","1","20151212","Da","16767",735
"20141214","1","20150614","Da","383",736
"20150915","2","20151212","Da","383",736
"20141214","1","20151212","Da","16767",737
"20141214","1","20151212","Da","16767",738
"20141214","1","20151212","Da","16767",739
"20141214","1","20151212","Da","383",740
"20141214","1","20151212","Da","16767",741
"20141214","1","20151212","Da","16767",742
"20141214","1","20141224","Da","287",743
"20141227","2","20141231","Da","287",743
"20150103","3","20150412","Da","287",743
"20150414","4","20150430","Da","287",743
"20150502","5","20150531","Da","287",743
"20150602","6","20151129","Da","287",743
"20151202","7","20151212","Da","287",743
"20141214","1","20151212","Da","16767",744
"20141214","1","20151212","Da","16767",745
"20141214","1","20151212","Da","319",746
"20141214","1","20141221","Da","287",747
"20141227","2","20141227","Da","287",747
"20150103","3","20150131","Da","287",747
"20150207","4","20150411","Da","287",747
"20150418","5","20150430","Da","287",747
"20150502","6","20150515","Da","287",747
"20150517","7","20150531","Da","287",747
"20150602","8","20150620","Da","287",747
"20150801","9","20150801","Da","287",747
"20150912","10","20151129","Da","287",747
"20151202","11","20151212","Da","287",747
"20141214","1","20151212","Da","16767",748
"20141214","1","20151212","Da","16767",749
"20141214","1","20151212","Da","16767",750
"20141214","1","20151212","Da","16767",751
"20141214","1","20151212","Da","16767",752
"20141214","1","20151212","Da","16767",753
"20141214","1","20151212","Da","16767",754
"20141214","1","20151212","Da","16767",755
"20141214","1","20151212","Da","16767",756
"20141214","1","20141219","Da","287",757
"20150103","2","20150131","Da","287",757
"20150207","3","20150410","Da","287",757
"20150418","4","20150430","Da","287",757
"20150502","5","20150531","Da","287",757
"20150602","6","20150619","Da","287",757
"20150912","7","20151129","Da","287",757
"20151202","8","20151212","Da","287",757
"20141214","1","20151212","Da","16767",758
"20141214","1","20151212","Da","831",759
"20141214","1","20151212","Da","16767",760
"20141214","1","20151212","Da","16767",761
"20141215","1","20141220","Da","383",762
"20141222","2","20141227","Da","383",762
"20141229","3","20150103","Da","383",762
"20150105","4","20150110","Da","383",762
"20150112","5","20150117","Da","383",762
"20150119","6","20150124","Da","383",762
"20150126","7","20150131","Da","383",762
"20150202","8","20150207","Da","383",762
"20150209","9","20150214","Da","383",762
"20150216","10","20150221","Da","383",762
"20150223","11","20150228","Da","383",762
"20150302","12","20150307","Da","383",762
"20150309","13","20150314","Da","383",762
"20150316","14","20150321","Da","383",762
"20150323","15","20150328","Da","383",762
"20150330","16","20150404","Da","383",762
"20150406","17","20150411","Da","383",762
"20150413","18","20150418","Da","383",762
"20150420","19","20150425","Da","383",762
"20150427","20","20151031","Da","383",762
"20151102","21","20151107","Da","383",762
"20151109","22","20151114","Da","383",762
"20151116","23","20151121","Da","383",762
"20151123","24","20151128","Da","383",762
"20151130","25","20151205","Da","383",762
"20151207","26","20151212","Da","383",762
"20141214","1","20141224","Da","799",763
"20141227","2","20141231","Da","799",763
"20150103","3","20150412","Da","799",763
"20150414","4","20150430","Da","799",763
"20150502","5","20150531","Da","799",763
"20150602","6","20151129","Da","799",763
"20151202","7","20151212","Da","799",763
"20141214","1","20151212","Da","799",764
"20141214","1","20151212","Da","16767",765
"20141214","1","20150612","Da","383",766
"20150914","2","20151212","Da","383",766
"20141214","1","20151212","Da","319",767
"20141214","1","20151212","Da","16767",768
"20141214","1","20151212","Da","16767",769
"20141214","1","20151212","Da","16767",770
"20141214","1","20151212","Da","16767",771
"20141214","1","20151212","Da","351",772
"20141214","1","20151212","Da","383",773
"20141214","1","20151212","Da","16767",774
"20141214","1","20151212","Da","16767",775
"20141214","1","20151212","Da","16767",776
"20141214","1","20151212","Da","16767",777
"20141214","1","20151212","Da","16767",778
"20141214","1","20151212","Da","16767",779
"20141214","1","20151212","Da","16767",780
"20141214","1","20151212","Da","16767",781
"20141214","1","20151212","Da","16767",782
"20141214","1","20151212","Da","351",783
"20141214","1","20151212","Da","16767",784
"20141214","1","20151212","Da","319",785
"20141214","1","20141219","Da","287",786
"20150105","2","20150130","Da","287",786
"20150209","3","20150410","Da","287",786
"20150420","4","20150619","Da","287",786
"20150914","5","20151212","Da","287",786
"20141214","1","20151212","Da","16767",787
"20141214","1","20151212","Da","16767",788
"20141214","1","20151212","Da","16767",789
"20150613","1","20150914","Da","383",790
"20141214","1","20151212","Da","16767",791
"20141214","1","20151212","Da","16767",792
"20141214","1","20151212","Da","16767",793
"20141214","1","20151212","Da","16767",794
"20141214","1","20141224","Da","799",795
"20141227","2","20141231","Da","799",795
"20150103","3","20150412","Da","799",795
"20150414","4","20150430","Da","799",795
"20150502","5","20150531","Da","799",795
"20150602","6","20151129","Da","799",795
"20151202","7","20151212","Da","799",795
"20141214","1","20151212","Da","319",796
"20141214","1","20151212","Da","16767",797
"20141214","1","20151212","Da","16767",798
"20141214","1","20151212","Da","16767",799
"20141214","1","20151213","Da","287",800
"20141214","1","20151212","Da","16767",801
"20141214","1","20151212","Da","16767",802
"20141214","1","20151212","Da","16767",803
"20141214","1","20151212","Da","16767",804
"20141214","1","20151212","Da","799",805
"20141214","1","20151212","Da","16767",806
"20141214","1","20151212","Da","16767",807
"20141214","1","20151212","Da","16767",808
"20141214","1","20151212","Da","16767",809
"20141214","1","20151212","Da","863",810
"20141214","1","20151212","Da","895",811
"20141214","1","20151212","Da","16767",812
"20141214","1","20151212","Da","287",813
"20141214","1","20151212","Da","335",814
"20141214","1","20141219","Da","287",815
"20150105","2","20150130","Da","287",815
"20150209","3","20150410","Da","287",815
"20150420","4","20150619","Da","287",815
"20150914","5","20151212","Da","287",815
"20141214","1","20151212","Da","16767",816
"20141214","1","20151212","Da","16767",817
"20141214","1","20151212","Da","16767",818
"20141214","1","20151212","Da","16767",819
"20141214","1","20151212","Da","16767",820
"20141214","1","20151212","Da","16767",821
"20141214","1","20151212","Da","16767",822
"20141214","1","20151212","Da","16767",823
"20141214","1","20151212","Da","16767",824
"20141214","1","20151212","Da","383",825
"20141214","1","20151212","Da","16767",826
"20141214","1","20141219","Da","287",827
"20150105","2","20150130","Da","287",827
"20150209","3","20150410","Da","287",827
"20150420","4","20150619","Da","287",827
"20150914","5","20151212","Da","287",827
"20141214","1","20151212","Da","16767",828
"20141215","1","20141220","Da","383",829
"20141222","2","20141227","Da","383",829
"20141229","3","20150103","Da","383",829
"20150105","4","20150110","Da","383",829
"20150112","5","20150117","Da","383",829
"20150119","6","20150124","Da","383",829
"20150126","7","20150131","Da","383",829
"20150202","8","20150207","Da","383",829
"20150209","9","20150214","Da","383",829
"20150216","10","20150221","Da","383",829
"20150223","11","20150228","Da","383",829
"20150302","12","20150307","Da","383",829
"20150309","13","20150314","Da","383",829
"20150316","14","20150321","Da","383",829
"20150323","15","20150328","Da","383",829
"20150330","16","20150404","Da","383",829
"20150406","17","20150411","Da","383",829
"20150413","18","20150418","Da","383",829
"20150420","19","20150425","Da","383",829
"20150427","20","20151031","Da","383",829
"20151102","21","20151107","Da","383",829
"20151109","22","20151114","Da","383",829
"20151116","23","20151121","Da","383",829
"20151123","24","20151128","Da","383",829
"20151130","25","20151205","Da","383",829
"20151207","26","20151212","Da","383",829
"20141214","1","20151212","Da","16767",830
"20141214","1","20151212","Da","16767",831
"20141214","1","20151212","Da","16767",832
"20141214","1","20151212","Da","16767",833
"20141214","1","20151212","Da","16767",834
"20141214","1","20151212","Da","287",835
"20141214","1","20151212","Da","16767",836
"20141214","1","20150612","Da","383",837
"20150914","2","20151212","Da","383",837
"20141214","1","20151212","Da","319",838
"20141214","1","20151212","Da","16767",839
"20141214","1","20151212","Da","319",840
"20141214","1","20151212","Da","799",841
"20141214","1","20151212","Da","16767",842
"20141214","1","20151212","Da","16767",843
"20150612","1","20150914","Da","383",844
"20141214","1","20151212","Da","16767",845
"20141214","1","20151212","Da","16767",846
"20141214","1","20151212","Da","287",847
"20141214","1","20151212","Da","287",848
"20141214","1","20150430","Da","383",849
"20141214","1","20151212","Da","16767",850
"20141214","1","20151212","Da","16767",851
"20141214","1","20151212","Da","383",852
"20141214","1","20151212","Da","16767",853
"20141214","1","20151212","Da","16767",854
"20141214","1","20151212","Da","287",855
"20141214","1","20151212","Da","16767",856
"20141214","1","20151212","Da","831",857
"20141214","1","20151212","Da","16767",858
"20141214","1","20141219","Da","287",859
"20150103","2","20150131","Da","287",859
"20150208","3","20150410","Da","287",859
"20150419","4","20150430","Da","287",859
"20150502","5","20150531","Da","287",859
"20150602","6","20150619","Da","287",859
"20150912","7","20151129","Da","287",859
"20151202","8","20151212","Da","287",859
"20141214","1","20151212","Da","16767",860
"20141214","1","20141224","Da","319",861
"20141227","2","20141231","Da","319",861
"20150103","3","20150412","Da","319",861
"20150414","4","20150430","Da","319",861
"20150502","5","20150531","Da","319",861
"20150602","6","20150814","Da","319",861
"20150816","7","20151129","Da","319",861
"20151202","8","20151212","Da","319",861
"20141214","1","20151212","Da","16767",862
"20141214","1","20151212","Da","16767",863
"20141214","1","20151212","Da","16767",864
"20141214","1","20151212","Da","16767",865
"20141214","1","20151212","Da","16767",866
"20141214","1","20151212","Da","319",867
"20141214","1","20151212","Da","16767",868
"20141214","1","20151212","Da","16767",869
"20141214","1","20151212","Da","799",870
"20141214","1","20151212","Da","287",871
"20141214","1","20151212","Da","16767",872
"20141214","1","20151212","Da","16767",873
"20141214","1","20151212","Da","16767",874
"20141214","1","20151212","Da","16767",875
"20141214","1","20151212","Da","16767",876
"20141214","1","20151212","Da","16767",877
"20141214","1","20151212","Da","16767",878
"20141214","1","20151212","Da","16767",879
"20141214","1","20151212","Da","319",880
"20141214","1","20151212","Da","16767",881
"20141214","1","20151212","Da","16767",882
"20141214","1","20151212","Da","16767",883
"20141214","1","20151212","Da","16767",884
"20141214","1","20151212","Da","319",885
"20141214","1","20151212","Da","831",886
"20141214","1","20151212","Da","16767",887
"20141214","1","20151212","Da","351",888
"20141214","1","20151212","Da","16767",889
"20150613","1","20150912","Da","383",890
"20141214","1","20151212","Da","16767",891
"20141214","1","20151212","Da","16767",892
"20141214","1","20151212","Da","16767",893
"20141214","1","20150430","Da","383",894
"20141214","1","20151212","Da","16767",895
"20141214","1","20151212","Da","16767",896
"20141214","1","20141220","Da","320",897
"20141222","2","20141227","Da","320",897
"20141229","3","20150103","Da","320",897
"20150105","4","20150131","Da","320",897
"20150202","5","20150207","Da","320",897
"20150209","6","20150411","Da","320",897
"20150413","7","20150418","Da","320",897
"20150420","8","20150620","Da","320",897
"20150622","9","20150627","Da","320",897
"20150629","10","20150704","Da","320",897
"20150706","11","20150711","Da","320",897
"20150713","12","20150718","Da","320",897
"20150720","13","20150725","Da","320",897
"20150727","14","20150801","Da","320",897
"20150803","15","20150808","Da","320",897
"20150810","16","20150815","Da","320",897
"20150817","17","20150822","Da","320",897
"20150824","18","20150829","Da","320",897
"20150831","19","20150905","Da","320",897
"20150907","20","20150912","Da","320",897
"20150914","21","20151212","Da","320",897
"20141214","1","20151212","Da","16767",898
"20141214","1","20151212","Da","16767",899
"20141214","1","20151212","Da","16767",900
"20141214","1","20150612","Da","383",901
"20150914","2","20151212","Da","383",901
"20141214","1","20151212","Da","863",902
"20141214","1","20151212","Da","16767",903
"20141214","1","20151212","Da","16767",904
"20141214","1","20151212","Da","16767",905
"20141214","1","20151212","Da","16767",906
"20141214","1","20151212","Da","383",907
"20141214","1","20151212","Da","16767",908
"20141214","1","20141219","Da","287",909
"20150105","2","20150130","Da","287",909
"20150209","3","20150410","Da","287",909
"20150420","4","20150619","Da","287",909
"20150914","5","20151212","Da","287",909
"20141214","1","20151212","Da","16767",910
"20141214","1","20151212","Da","16767",911
"20141214","1","20141221","Da","799",912
"20141225","2","20141228","Da","799",912
"20150101","3","20150108","Da","799",912
"20150110","4","20150201","Da","799",912
"20150207","5","20150413","Da","799",912
"20150418","6","20150621","Da","799",912
"20150627","7","20150628","Da","799",912
"20150704","8","20150705","Da","799",912
"20150711","9","20150712","Da","799",912
"20150718","10","20150719","Da","799",912
"20150725","11","20150726","Da","799",912
"20150801","12","20150802","Da","799",912
"20150808","13","20150809","Da","799",912
"20150815","14","20150816","Da","799",912
"20150822","15","20150823","Da","799",912
"20150829","16","20150830","Da","799",912
"20150905","17","20150906","Da","799",912
"20150912","18","20151212","Da","799",912
"20141214","1","20151212","Da","16767",913
"20141214","1","20151212","Da","16767",914
"20141214","1","20151212","Da","16767",915
"20141214","1","20151212","Da","16767",916
"20141214","1","20151212","Da","16767",917
"20141214","1","20151212","Da","16767",918
"20141214","1","20151212","Da","16767",919
"20141214","1","20151212","Da","351",920
"20141214","1","20151212","Da","16767",921
"20141214","1","20151212","Da","383",922
"20141214","1","20151212","Da","16767",923
"20141214","1","20141224","Da","287",924
"20141227","2","20141231","Da","287",924
"20150103","3","20150412","Da","287",924
"20150414","4","20150430","Da","287",924
"20150502","5","20150531","Da","287",924
"20150602","6","20151129","Da","287",924
"20151202","7","20151212","Da","287",924
"20141214","1","20151212","Da","16767",925
"20141214","1","20151212","Da","16767",926
"20141214","1","20151212","Da","319",927
"20141214","1","20151212","Da","16767",928
"20141214","1","20141221","Da","287",929
"20141227","2","20141228","Da","287",929
"20150103","3","20150201","Da","287",929
"20150207","4","20150412","Da","287",929
"20150418","5","20150430","Da","287",929
"20150502","6","20150531","Da","287",929
"20150602","7","20150620","Da","287",929
"20150627","8","20150628","Da","287",929
"20150704","9","20150705","Da","287",929
"20150711","10","20150712","Da","287",929
"20150718","11","20150719","Da","287",929
"20150725","12","20150726","Da","287",929
"20150801","13","20150802","Da","287",929
"20150808","14","20150809","Da","287",929
"20150815","15","20150816","Da","287",929
"20150822","16","20150823","Da","287",929
"20150829","17","20150830","Da","287",929
"20150905","18","20150906","Da","287",929
"20150912","19","20151129","Da","287",929
"20151202","20","20151212","Da","287",929
"20141214","1","20151212","Da","16767",930
"20141214","1","20151212","Da","16767",931
"20141214","1","20151212","Da","351",932
"20141214","1","20151212","Da","16767",933
"20141214","1","20151212","Da","16767",934
"20150501","1","20151212","Da","383",935
"20141214","1","20151212","Da","16767",936
"20141214","1","20151212","Da","16767",937
"20141214","1","20151212","Da","16767",938
"20141214","1","20150702","Da","383",939
"20150907","2","20151212","Da","383",939
"20141214","1","20151212","Da","799",940
"20141214","1","20151212","Da","16767",941
"20141214","1","20151212","Da","863",942
"20131215","1","20151212","Da","383",943
"20141214","1","20151212","Da","16767",944
"20131215","1","20151212","Da","383",945
"20141214","1","20141224","Da","287",946
"20141227","2","20141231","Da","287",946
"20150103","3","20150412","Da","287",946
"20150414","4","20150430","Da","287",946
"20150502","5","20150531","Da","287",946
"20150602","6","20151129","Da","287",946
"20151202","7","20151212","Da","287",946
"20150614","1","20150913","Da","383",947
"20141214","1","20151212","Da","16767",948
"20141214","1","20151212","Da","16767",949
"20141214","1","20151212","Da","16767",950
"20141214","1","20151212","Da","16767",951
"20141214","1","20151212","Da","16767",952
"20141214","1","20151212","Da","16767",953
"20141214","1","20151212","Da","351",954
"20141214","1","20150612","Da","383",955
"20150914","2","20151212","Da","383",955
"20141214","1","20151212","Da","16767",956
"20141214","1","20150612","Da","383",957
"20150913","2","20151212","Da","383",957
"20141214","1","20151212","Da","16767",958
"20141214","1","20151212","Da","16767",959
"20141214","1","20151212","Da","16767",960
"20141214","1","20151212","Da","16767",961
"20141214","1","20151212","Da","16767",962
"20141214","1","20151212","Da","16767",963
"20141214","1","20151212","Da","351",964
"20141214","1","20151212","Da","351",965
"20141214","1","20151212","Da","287",966
"20141214","1","20151212","Da","16767",967
"20141214","1","20151212","Da","352",968
"20141214","1","20141221","Da","783",969
"20150103","2","20150103","Da","783",969
"20150105","3","20150131","Da","783",969
"20150208","4","20150412","Da","783",969
"20150419","5","20150430","Da","783",969
"20150502","6","20150531","Da","783",969
"20150602","7","20150620","Da","783",969
"20150912","8","20151129","Da","783",969
"20151202","9","20151212","Da","783",969
"20141214","1","20141224","Da","287",970
"20141227","2","20141231","Da","287",970
"20150103","3","20150412","Da","287",970
"20150414","4","20150430","Da","287",970
"20150502","5","20150531","Da","287",970
"20150602","6","20151129","Da","287",970
"20151202","7","20151212","Da","287",970
"20141214","1","20151212","Da","16767",971
"20141214","1","20151212","Da","16767",972
"20141214","1","20151212","Da","16767",973
"20141214","1","20151212","Da","16767",974
"20141214","1","20151212","Da","16767",975
"20141214","1","20141219","Da","287",976
"20150105","2","20150130","Da","287",976
"20150209","3","20150410","Da","287",976
"20150420","4","20150619","Da","287",976
"20150914","5","20151212","Da","287",976
"20141214","1","20151212","Da","319",977
"20141214","1","20151212","Da","351",978
"20141214","1","20151212","Da","16767",979
"20141214","1","20151212","Da","16767",980
"20141214","1","20151212","Da","287",981
"20141214","1","20151212","Da","16767",982
"20141214","1","20151212","Da","16767",983
"20141214","1","20151212","Da","287",984
"20141214","1","20151212","Da","16767",985
"20141214","1","20151212","Da","383",986
"20141214","1","20151212","Da","16767",987
"20141214","1","20151212","Da","16767",988
"20141214","1","20151212","Da","16767",989
"20141214","1","20151212","Da","16767",990
"20141214","1","20151212","Da","16767",991
"20141214","1","20151212","Da","16767",992
"20141214","1","20150612","Da","383",993
"20150914","2","20151212","Da","383",993
"20141214","1","20151212","Da","16767",994
"20141214","1","20151212","Da","16767",995
"20141214","1","20151212","Da","799",996
"20141214","1","20151212","Da","16767",997
"20141214","1","20151212","Da","16767",998
"20141214","1","20151212","Da","319",999
"20141214","1","20151212","Da","16767",1000
"20150612","1","20150912","Da","383",1001
"20141214","1","20150611","Da","383",1002
"20150914","2","20151212","Da","383",1002
"20141214","1","20151212","Da","16767",1003
"20141214","1","20151212","Da","319",1004
"20141214","1","20151212","Da","16767",1005
"20141214","1","20151212","Da","16767",1006
"20141214","1","20151212","Da","16767",1007
"20141214","1","20141219","Da","287",1008
"20150105","2","20150130","Da","287",1008
"20150209","3","20150410","Da","287",1008
"20150420","4","20150619","Da","287",1008
"20150914","5","20151212","Da","287",1008
"20141214","1","20151212","Da","16767",1009
"20141214","1","20151212","Da","16767",1010
"20141214","1","20151212","Da","16767",1011
"20141214","1","20150611","Da","383",1012
"20150905","2","20151212","Da","383",1012
"20141214","1","20151212","Da","375",1013
"20141214","1","20151212","Da","16767",1014
"20141214","1","20151212","Da","16767",1015
"20141214","1","20151212","Da","16767",1016
"20141214","1","20151212","Da","16767",1017
"20141214","1","20151212","Da","16767",1018
"20141214","1","20151212","Da","16767",1019
"20141214","1","20151212","Da","16767",1020
"20141214","1","20151212","Da","16767",1021
"20141214","1","20151212","Da","351",1022
"20141214","1","20151212","Da","16767",1023
"20141214","1","20151212","Da","351",1024
"20141214","1","20151212","Da","16767",1025
"20141214","1","20150613","Da","383",1026
"20150914","2","20151212","Da","383",1026
"20141214","1","20151212","Da","799",1027
"20141214","1","20151212","Da","16767",1028
"20141214","1","20151212","Da","799",1029
"20141214","1","20151212","Da","16767",1030
"20141214","1","20151212","Da","16767",1031
"20141214","1","20151212","Da","16767",1032
"20141214","1","20141224","Da","287",1033
"20141227","2","20141231","Da","287",1033
"20150103","3","20150412","Da","287",1033
"20150414","4","20150430","Da","287",1033
"20150502","5","20150531","Da","287",1033
"20150602","6","20151129","Da","287",1033
"20151202","7","20151212","Da","287",1033
"20141214","1","20151212","Da","16767",1034
"20141214","1","20151212","Da","16767",1035
"20141214","1","20151212","Da","16767",1036
"20141214","1","20151212","Da","16767",1037
"20141214","1","18991230","Da","383",1038
"20141214","1","20151212","Da","16767",1039
"20141214","1","20151212","Da","16767",1040
"20150703","1","20150906","Da","383",1041
"20141214","1","20151212","Da","16767",1042
"20141214","1","20151212","Da","287",1043
"20141214","1","20151212","Da","16767",1044
"20141214","1","20151212","Da","16767",1045
"20141214","1","20141224","Da","287",1046
"20141227","2","20141231","Da","287",1046
"20150103","3","20150412","Da","287",1046
"20150414","4","20150430","Da","287",1046
"20150502","5","20150531","Da","287",1046
"20150602","6","20151129","Da","287",1046
"20151202","7","20151212","Da","287",1046
"20141214","1","20141224","Da","799",1047
"20141227","2","20141231","Da","799",1047
"20150103","3","20150412","Da","799",1047
"20150414","4","20150430","Da","799",1047
"20150502","5","20150531","Da","799",1047
"20150602","6","20151129","Da","799",1047
"20151202","7","20151212","Da","799",1047
"20141214","1","20151212","Da","16767",1048
"20141214","1","20151212","Da","16767",1049
"20141214","1","20151212","Da","383",1050
"20141214","1","20151212","Da","16767",1051
"20141214","1","20141220","Da","320",1052
"20141222","2","20141227","Da","320",1052
"20141229","3","20150103","Da","320",1052
"20150105","4","20150131","Da","320",1052
"20150202","5","20150207","Da","320",1052
"20150209","6","20150411","Da","320",1052
"20150413","7","20150418","Da","320",1052
"20150420","8","20150620","Da","320",1052
"20150622","9","20150627","Da","320",1052
"20150629","10","20150704","Da","320",1052
"20150706","11","20150711","Da","320",1052
"20150713","12","20150718","Da","320",1052
"20150720","13","20150725","Da","320",1052
"20150727","14","20150801","Da","320",1052
"20150803","15","20150808","Da","320",1052
"20150810","16","20150815","Da","320",1052
"20150817","17","20150822","Da","320",1052
"20150824","18","20150829","Da","320",1052
"20150831","19","20150905","Da","320",1052
"20150907","20","20150912","Da","320",1052
"20150914","21","20151212","Da","320",1052
"20141214","1","20151212","Da","383",1053
"20141214","1","20151212","Da","319",1054
"20141214","1","20151212","Da","16767",1055
"20141214","1","20151212","Da","16767",1056
"20141214","1","20151212","Da","16767",1057
"20141214","1","20151212","Da","16767",1058
"20141214","1","20151212","Da","16767",1059
"20141214","1","20151212","Da","16767",1060
"20141214","1","20151212","Da","16767",1061
"20141214","1","20151212","Da","16767",1062
"20141214","1","20151212","Da","16767",1063
"20141214","1","20151212","Da","16767",1064
"20141214","1","20141221","Da","799",1065
"20150103","2","20150131","Da","799",1065
"20150207","3","20150412","Da","799",1065
"20150418","4","20150430","Da","799",1065
"20150502","5","20150531","Da","799",1065
"20150602","6","20150621","Da","799",1065
"20150801","7","20150801","Da","799",1065
"20150912","8","20151129","Da","799",1065
"20151202","9","20151212","Da","799",1065
"20141214","1","20151212","Da","319",1066
"20141214","1","20151212","Da","16767",1067
"20141214","1","20151212","Da","383",1068
"20141214","1","20151212","Da","352",1069
"20141214","1","20151212","Da","16767",1070
"20141214","1","20151212","Da","16767",1071
"20141214","1","20151212","Da","319",1072
"20141214","1","20151212","Da","287",1073
"20141214","1","20151212","Da","16767",1074
"20141214","1","20151212","Da","16767",1075
"20141214","1","20151212","Da","16767",1076
"20141214","1","20151212","Da","16767",1077
"20141214","1","20151212","Da","16767",1078
"20141214","1","20150612","Da","383",1079
"20150913","2","20151212","Da","383",1079
"20141214","1","20151212","Da","16767",1080
"20141214","1","20151212","Da","287",1081
"20141214","1","20151212","Da","16767",1082
"20141214","1","20151212","Da","16767",1083
"20141214","1","20151212","Da","16767",1084
"20141214","1","20151212","Da","16767",1085
"20141214","1","20151212","Da","863",1086
"20141214","1","20151212","Da","16767",1087
"20141214","1","20151212","Da","287",1088
"20141214","1","20151212","Da","16767",1089
"20141214","1","20151212","Da","16767",1090
"20141214","1","20151212","Da","799",1091
"20141214","1","20150613","Da","383",1092
"20150916","2","20151212","Da","383",1092
"20141214","1","20151212","Da","16767",1093
"20141214","1","20151212","Da","16767",1094
"20141214","1","20151212","Da","799",1095
"20150612","1","20150913","Da","383",1096
"20141214","1","20151212","Da","16767",1097
"20141214","1","20151212","Da","16767",1098
"20141214","1","20151212","Da","16767",1099
"20141214","1","20151212","Da","16767",1100
"20141214","1","20151212","Da","16767",1101
"20141214","1","20151212","Da","16767",1102
"20141214","1","20151212","Da","16767",1103
"20141214","1","20151212","Da","16767",1104
"20141214","1","20151212","Da","16767",1105
"20141214","1","20151212","Da","16767",1106
"20141214","1","20151212","Da","16767",1107
"20141214","1","20151212","Da","16767",1108
"20141214","1","20151212","Da","16767",1109
"20150612","1","20150912","Da","383",1110
"20141214","1","20151212","Da","16767",1111
"20141214","1","20151212","Da","287",1112
"20141214","1","20151212","Da","16767",1113
"20141214","1","20151212","Da","16767",1114
"20141214","1","20151212","Da","16767",1115
"20141214","1","20151212","Da","16767",1116
"20141214","1","20141219","Da","287",1117
"20150103","2","20150131","Da","287",1117
"20150207","3","20150410","Da","287",1117
"20150418","4","20150430","Da","287",1117
"20150502","5","20150531","Da","287",1117
"20150602","6","20150619","Da","287",1117
"20150914","7","20151129","Da","287",1117
"20151202","8","20151212","Da","287",1117
"20141214","1","20151212","Da","16767",1118
"20150612","1","20150914","Da","383",1119
"20141214","1","20151212","Da","16767",1120
"20141214","1","20151212","Da","16767",1121
"20141214","1","20141219","Da","287",1122
"20150105","2","20150130","Da","287",1122
"20150209","3","20150410","Da","287",1122
"20150420","4","20150619","Da","287",1122
"20150914","5","20151212","Da","287",1122
"20141214","1","20151212","Da","16767",1123
"20141214","1","20151212","Da","16767",1124
"20141214","1","20151212","Da","383",1125
"20131215","1","20151212","Da","319",1126
"20141214","1","20151212","Da","16767",1127
"20141214","1","20151212","Da","16767",1128
"20141214","1","20151212","Da","319",1129
"20141214","1","20151212","Da","351",1130
"20141214","1","20151212","Da","16767",1131
"20141214","1","20151212","Da","16767",1132
"20141214","1","20151212","Da","16767",1133
"20141214","1","20151212","Da","16767",1134
"20141214","1","20151212","Da","351",1135
"20141214","1","20151212","Da","16767",1136
"20141214","1","20151212","Da","16767",1137
"20141214","1","20151212","Da","351",1138
"20150612","1","20150912","Da","383",1139
"20141214","1","20151212","Da","351",1140
"20141214","1","20141224","Da","799",1141
"20141227","2","20141231","Da","799",1141
"20150103","3","20150412","Da","799",1141
"20150414","4","20150430","Da","799",1141
"20150502","5","20150531","Da","799",1141
"20150602","6","20150630","Da","799",1141
"20150801","7","20150802","Da","799",1141
"20150901","8","20151129","Da","799",1141
"20151202","9","20151212","Da","799",1141
"20141214","1","20151212","Da","16767",1142
"20141214","1","20151212","Da","383",1143
"20141214","1","20151212","Da","16767",1144
"20141214","1","20151212","Da","16767",1145
"20141214","1","20151212","Da","16767",1146
"20141214","1","20151212","Da","799",1147
"20141214","1","20151212","Da","799",1148
"20141214","1","20151212","Da","16767",1149
"20141214","1","20151212","Da","383",1150
"20141214","1","20151212","Da","16767",1151
"20141214","1","20151212","Da","16767",1152
"20141214","1","20141224","Da","287",1153
"20141227","2","20141231","Da","287",1153
"20150103","3","20150412","Da","287",1153
"20150414","4","20150430","Da","287",1153
"20150502","5","20150531","Da","287",1153
"20150602","6","20151129","Da","287",1153
"20151202","7","20151212","Da","287",1153
"20141214","1","20151212","Da","16767",1154
"20141214","1","20151212","Da","16767",1155
"20141214","1","20141224","Da","799",1156
"20141227","2","20141231","Da","799",1156
"20150103","3","20150412","Da","799",1156
"20150414","4","20150430","Da","799",1156
"20150502","5","20150531","Da","799",1156
"20150602","6","20151129","Da","799",1156
"20151202","7","20151212","Da","799",1156
"20141214","1","20151212","Da","351",1157
"20141214","1","20151212","Da","16767",1158
"20141214","1","20151212","Da","16767",1159
"20141214","1","20151212","Da","16767",1160
"20141214","1","20151212","Da","16767",1161
"20141214","1","20151212","Da","16767",1162
"20141214","1","20151212","Da","287",1163
"20141214","1","20151212","Da","16767",1164
"20150613","1","20150913","Da","383",1165
"20141214","1","20151212","Da","16767",1166
"20141214","1","20151212","Da","16767",1167
"20141214","1","20151212","Da","287",1168
